frame,cycle,register,old_val,new_val
0,2319,osc3_freq_lo,$00,$30
0,2326,osc3_freq_hi,$00,$FD
0,2364,osc3_control,$00,$80
0,2729,osc2_freq_lo,$00,$2F
0,2736,osc2_freq_hi,$00,$FD
0,2774,osc2_control,$00,$81
0,3139,osc1_freq_lo,$00,$2E
0,3146,osc1_freq_hi,$00,$FD
0,3184,osc1_control,$00,$80
0,3213,filter_res_control,$00,$F4
0,3223,filter_mode_volume,$00,$0F
1,3723,osc3_freq_lo,$30,$39
1,3730,osc3_freq_hi,$FD,$08
1,3737,osc3_sustain_release,$00,$01
1,3744,osc3_attack_decay,$00,$0F
1,3768,osc3_control,$80,$40
1,4168,osc2_freq_lo,$2F,$38
1,4175,osc2_freq_hi,$FD,$08
1,4213,osc2_control,$81,$40
1,4572,osc1_freq_lo,$2E,$37
1,4579,osc1_freq_hi,$FD,$08
1,4617,osc1_control,$80,$40
1,4679,filter_freq_hi,$00,$03
2,5054,osc3_freq_lo,$39,$EA
2,5061,osc3_freq_hi,$08,$06
2,5415,osc2_freq_lo,$38,$E9
2,5422,osc2_freq_hi,$08,$06
2,5736,osc1_freq_lo,$37,$E8
2,5783,osc1_freq_hi,$08,$06
2,5843,filter_freq_hi,$03,$05
3,6376,osc3_sustain_release,$01,$CB
3,6383,osc3_attack_decay,$0F,$07
3,6407,osc3_control,$40,$01
3,6753,osc2_sustain_release,$00,$A8
3,6760,osc2_attack_decay,$00,$02
3,7174,osc1_sustain_release,$00,$B9
3,7181,osc1_attack_decay,$00,$07
3,7205,osc1_control,$40,$09
3,7238,filter_freq_hi,$05,$02
3,7255,filter_mode_volume,$0F,$3F
4,7632,osc3_freq_lo,$EA,$42
4,7639,osc3_freq_hi,$06,$8B
4,7660,osc3_pw_lo,$00,$70
4,7667,osc3_pw_hi,$00,$06
4,7677,osc3_control,$01,$81
4,7935,osc2_freq_lo,$E9,$E5
4,7942,osc2_freq_hi,$06,$5C
4,8003,osc2_pw_lo,$00,$F0
4,8010,osc2_pw_hi,$00,$03
4,8020,osc2_control,$40,$81
4,8255,osc1_freq_lo,$E8,$D0
4,8262,osc1_freq_hi,$06,$22
4,8283,osc1_pw_lo,$00,$A0
4,8290,osc1_pw_hi,$00,$04
4,8300,osc1_control,$09,$21
4,8322,filter_freq_hi,$02,$6E
5,8646,osc3_freq_lo,$42,$39
5,8653,osc3_freq_hi,$8B,$09
5,8674,osc3_pw_lo,$70,$E0
5,8691,osc3_control,$81,$41
5,8873,osc2_freq_lo,$E5,$D1
5,8880,osc2_freq_hi,$5C,$22
5,8901,osc2_pw_lo,$F0,$E0
5,8908,osc2_pw_hi,$03,$04
5,8918,osc2_control,$81,$41
5,9197,osc1_pw_lo,$A0,$40
5,9204,osc1_pw_hi,$04,$05
5,9236,filter_freq_hi,$6E,$59
6,9503,osc3_freq_lo,$39,$9D
6,9510,osc3_freq_hi,$09,$04
6,9531,osc3_pw_lo,$E0,$50
6,9538,osc3_pw_hi,$06,$07
6,9806,osc2_freq_lo,$D1,$41
6,9813,osc2_freq_hi,$22,$8B
6,9834,osc2_pw_lo,$E0,$D0
6,9841,osc2_pw_hi,$04,$05
6,9851,osc2_control,$41,$11
6,10042,osc1_freq_lo,$D0,$A1
6,10049,osc1_freq_hi,$22,$1B
6,10070,osc1_pw_lo,$40,$E0
6,10109,filter_freq_hi,$59,$44
7,10476,osc3_pw_lo,$50,$C0
7,10805,osc2_freq_lo,$41,$D1
7,10812,osc2_freq_hi,$8B,$22
7,10833,osc2_pw_lo,$D0,$C0
7,10840,osc2_pw_hi,$05,$06
7,10850,osc2_control,$11,$41
7,11179,osc1_pw_lo,$E0,$80
7,11186,osc1_pw_hi,$05,$06
7,11218,filter_freq_hi,$44,$2F
8,11570,osc3_pw_lo,$C0,$30
8,11577,osc3_pw_hi,$07,$08
8,11843,osc2_pw_lo,$C0,$F0
8,12095,osc1_freq_lo,$A1,$39
8,12102,osc1_freq_hi,$1B,$17
8,12123,osc1_pw_lo,$80,$20
8,12130,osc1_pw_hi,$06,$07
8,12162,filter_freq_hi,$2F,$1A
9,12490,osc3_pw_lo,$30,$A0
9,12743,osc2_pw_lo,$F0,$20
9,12750,osc2_pw_hi,$06,$07
9,12760,osc2_control,$41,$11
9,13094,osc1_pw_lo,$20,$C0
9,13167,filter_freq_hi,$1A,$05
10,13478,osc3_pw_lo,$A0,$10
10,13485,osc3_pw_hi,$08,$09
10,13745,osc2_pw_lo,$20,$50
10,13762,osc2_control,$11,$40
10,13917,osc1_freq_lo,$39,$6E
10,13924,osc1_freq_hi,$17,$12
10,13945,osc1_pw_lo,$C0,$60
10,13952,osc1_pw_hi,$07,$08
10,13962,osc1_control,$21,$20
11,14312,osc3_pw_lo,$10,$80
11,14544,osc2_pw_lo,$50,$80
11,14561,osc2_control,$40,$10
11,14816,osc1_pw_lo,$60,$00
11,14823,osc1_pw_hi,$08,$09
11,14855,filter_freq_hi,$05,$06
12,15150,osc3_pw_lo,$80,$F0
12,15424,osc2_pw_lo,$80,$B0
12,15441,osc2_control,$10,$40
12,15632,osc1_freq_lo,$6E,$D0
12,15639,osc1_freq_hi,$12,$22
12,15660,osc1_pw_lo,$00,$A0
12,15699,filter_freq_hi,$06,$07
13,16034,osc3_pw_lo,$F0,$60
13,16041,osc3_pw_hi,$09,$0A
13,16400,osc2_control,$40,$10
13,16754,filter_freq_hi,$07,$08
14,17106,osc3_pw_lo,$60,$D0
14,17392,osc2_pw_lo,$B0,$C0
14,17449,osc2_control,$10,$40
14,17657,osc1_freq_lo,$D0,$A1
14,17664,osc1_freq_hi,$22,$1B
14,17685,osc1_pw_lo,$A0,$40
14,17692,osc1_pw_hi,$09,$0A
14,17724,filter_freq_hi,$08,$09
15,18052,osc3_pw_lo,$D0,$40
15,18059,osc3_pw_hi,$0A,$0B
15,18405,osc2_control,$40,$41
15,18786,osc1_control,$20,$09
15,18819,filter_freq_hi,$09,$0A
16,19147,osc3_pw_lo,$40,$B0
16,19422,osc2_freq_lo,$D1,$E5
16,19429,osc2_freq_hi,$22,$5C
16,19450,osc2_pw_lo,$C0,$F0
16,19457,osc2_pw_hi,$07,$03
16,19467,osc2_control,$41,$81
16,19691,osc1_freq_lo,$A1,$D0
16,19698,osc1_freq_hi,$1B,$22
16,19719,osc1_pw_lo,$40,$E0
16,19736,osc1_control,$09,$21
16,19758,filter_freq_hi,$0A,$0B
17,20046,osc3_pw_lo,$B0,$20
17,20053,osc3_pw_hi,$0B,$0C
17,20285,osc2_freq_lo,$E5,$D1
17,20292,osc2_freq_hi,$5C,$22
17,20313,osc2_pw_lo,$F0,$E0
17,20320,osc2_pw_hi,$03,$04
17,20330,osc2_control,$81,$41
17,20569,osc1_pw_lo,$E0,$80
17,20576,osc1_pw_hi,$0A,$0B
17,20608,filter_freq_hi,$0B,$0C
18,20943,osc3_pw_lo,$20,$90
18,21178,osc2_freq_lo,$D1,$41
18,21185,osc2_freq_hi,$22,$8B
18,21206,osc2_pw_lo,$E0,$D0
18,21213,osc2_pw_hi,$04,$05
18,21223,osc2_control,$41,$11
18,21454,osc1_freq_lo,$D0,$A1
18,21461,osc1_freq_hi,$22,$1B
18,21482,osc1_pw_lo,$80,$20
18,21489,osc1_pw_hi,$0B,$0C
18,21521,filter_freq_hi,$0C,$0D
19,21816,osc3_pw_lo,$90,$00
19,21863,osc3_pw_hi,$0C,$0D
19,22145,osc2_freq_lo,$41,$D1
19,22152,osc2_freq_hi,$8B,$22
19,22173,osc2_pw_lo,$D0,$C0
19,22180,osc2_pw_hi,$05,$06
19,22190,osc2_control,$11,$41
19,22559,osc1_pw_lo,$20,$C0
19,22598,filter_freq_hi,$0D,$0E
20,22910,osc3_pw_lo,$00,$70
20,23223,osc2_pw_lo,$C0,$F0
20,23435,osc1_freq_lo,$A1,$39
20,23442,osc1_freq_hi,$1B,$17
20,23463,osc1_pw_lo,$C0,$60
20,23470,osc1_pw_hi,$0C,$0D
20,23542,filter_freq_hi,$0E,$0F
21,23830,osc3_pw_lo,$70,$E0
21,24123,osc2_pw_lo,$F0,$20
21,24130,osc2_pw_hi,$06,$07
21,24140,osc2_control,$41,$11
21,24434,osc1_pw_lo,$60,$00
21,24441,osc1_pw_hi,$0D,$0E
21,24507,filter_freq_hi,$0F,$10
22,24835,osc3_pw_lo,$E0,$50
22,24842,osc3_pw_hi,$0D,$0E
22,25062,osc2_pw_lo,$20,$50
22,25079,osc2_control,$11,$40
22,25274,osc1_freq_lo,$39,$6E
22,25281,osc1_freq_hi,$17,$12
22,25302,osc1_pw_lo,$00,$A0
22,25319,osc1_control,$21,$20
22,25341,filter_freq_hi,$10,$11
23,25629,osc3_pw_lo,$50,$C0
23,25901,osc2_pw_lo,$50,$80
23,25918,osc2_control,$40,$10
23,26167,osc1_pw_lo,$A0,$00
23,26206,filter_freq_hi,$11,$12
24,26541,osc3_pw_lo,$C0,$30
24,26548,osc3_pw_hi,$0E,$0F
24,26775,osc2_pw_lo,$80,$B0
24,26792,osc2_control,$10,$40
24,27022,osc1_freq_lo,$6E,$D0
24,27029,osc1_freq_hi,$12,$22
24,27050,osc1_pw_lo,$00,$60
24,27057,osc1_pw_hi,$0E,$0D
24,27089,filter_freq_hi,$12,$13
25,27587,osc3_pw_lo,$30,$A0
25,28005,osc2_control,$40,$10
25,28359,filter_freq_hi,$13,$14
26,28722,osc3_pw_lo,$A0,$10
26,28729,osc3_pw_hi,$0F,$10
26,29008,osc2_pw_lo,$B0,$C0
26,29065,osc2_control,$10,$40
26,29272,osc1_freq_lo,$D0,$A1
26,29279,osc1_freq_hi,$22,$1B
26,29300,osc1_pw_lo,$60,$C0
26,29307,osc1_pw_hi,$0D,$0C
26,29339,filter_freq_hi,$14,$15
27,29789,osc3_pw_lo,$10,$80
27,30254,osc2_sustain_release,$A8,$48
27,30261,osc2_attack_decay,$02,$00
27,30285,osc2_control,$40,$41
27,30626,osc1_control,$20,$09
27,30659,filter_freq_hi,$15,$16
28,31131,osc3_freq_lo,$9D,$AE
28,31159,osc3_pw_lo,$80,$F0
28,31474,osc2_freq_lo,$D1,$E5
28,31481,osc2_freq_hi,$22,$5C
28,31502,osc2_pw_lo,$C0,$F0
28,31509,osc2_pw_hi,$07,$03
28,31519,osc2_control,$41,$81
28,31702,osc1_freq_lo,$A1,$D0
28,31709,osc1_freq_hi,$1B,$22
28,31730,osc1_pw_lo,$C0,$20
28,31747,osc1_control,$09,$21
28,31769,filter_freq_hi,$16,$17
29,32247,osc3_freq_lo,$AE,$BF
29,32275,osc3_pw_lo,$F0,$60
29,32282,osc3_pw_hi,$10,$11
29,32514,osc2_freq_lo,$E5,$D1
29,32521,osc2_freq_hi,$5C,$22
29,32542,osc2_pw_lo,$F0,$E0
29,32549,osc2_pw_hi,$03,$04
29,32559,osc2_control,$81,$41
29,32797,osc1_pw_lo,$20,$80
29,32804,osc1_pw_hi,$0C,$0B
29,32836,filter_freq_hi,$17,$18
30,33313,osc3_freq_lo,$BF,$AE
30,33341,osc3_pw_lo,$60,$D0
30,33616,osc2_freq_lo,$D1,$41
30,33623,osc2_freq_hi,$22,$8B
30,33644,osc2_pw_lo,$E0,$D0
30,33651,osc2_pw_hi,$04,$05
30,33661,osc2_control,$41,$11
30,33851,osc1_freq_lo,$D0,$A1
30,33858,osc1_freq_hi,$22,$1B
30,33879,osc1_pw_lo,$80,$E0
30,33886,osc1_pw_hi,$0B,$0A
30,33918,filter_freq_hi,$18,$19
31,34395,osc3_freq_lo,$AE,$9D
31,34423,osc3_pw_lo,$D0,$40
31,34430,osc3_pw_hi,$11,$12
31,34752,osc2_freq_lo,$41,$D1
31,34759,osc2_freq_hi,$8B,$22
31,34780,osc2_pw_lo,$D0,$C0
31,34787,osc2_pw_hi,$05,$06
31,34797,osc2_control,$11,$41
31,35165,osc1_pw_lo,$E0,$40
31,35204,filter_freq_hi,$19,$1A
32,35698,osc3_freq_lo,$9D,$8C
32,35726,osc3_pw_lo,$40,$B0
32,35999,osc2_pw_lo,$C0,$F0
32,36250,osc1_freq_lo,$A1,$39
32,36257,osc1_freq_hi,$1B,$17
32,36278,osc1_pw_lo,$40,$A0
32,36285,osc1_pw_hi,$0A,$09
32,36317,filter_freq_hi,$1A,$1B
33,36753,osc3_freq_lo,$8C,$7B
33,36821,osc3_pw_lo,$B0,$20
33,36828,osc3_pw_hi,$12,$13
33,37074,osc2_pw_lo,$F0,$20
33,37081,osc2_pw_hi,$06,$07
33,37091,osc2_control,$41,$11
33,37424,osc1_pw_lo,$A0,$00
33,37497,filter_freq_hi,$1B,$1C
34,37969,osc3_freq_lo,$7B,$8C
34,37997,osc3_pw_lo,$20,$90
34,38224,osc2_pw_lo,$20,$50
34,38241,osc2_control,$11,$40
34,38395,osc1_freq_lo,$39,$6E
34,38402,osc1_freq_hi,$17,$12
34,38423,osc1_pw_lo,$00,$60
34,38470,osc1_pw_hi,$09,$08
34,38480,osc1_control,$21,$20
34,38502,filter_freq_hi,$1C,$1D
35,38934,osc3_freq_lo,$8C,$9D
35,38962,osc3_pw_lo,$90,$00
35,38969,osc3_pw_hi,$13,$14
35,39234,osc2_pw_lo,$50,$80
35,39251,osc2_control,$40,$10
35,39465,osc1_pw_lo,$60,$C0
35,39472,osc1_pw_hi,$08,$07
35,39504,filter_freq_hi,$1D,$1E
36,39983,osc3_freq_lo,$9D,$AE
36,40011,osc3_pw_lo,$00,$70
36,40285,osc2_pw_lo,$80,$B0
36,40302,osc2_control,$10,$40
36,40492,osc1_freq_lo,$6E,$D0
36,40499,osc1_freq_hi,$12,$22
36,40520,osc1_pw_lo,$C0,$20
36,40559,filter_freq_hi,$1E,$1F
37,40999,osc3_sustain_release,$CB,$01
37,41006,osc3_attack_decay,$07,$0F
37,41030,osc3_control,$41,$40
37,41379,osc2_control,$40,$10
37,41773,filter_freq_hi,$1F,$20
38,42259,osc3_freq_lo,$AE,$BF
38,42327,osc3_pw_lo,$70,$E0
38,42613,osc2_pw_lo,$B0,$C0
38,42630,osc2_control,$10,$40
38,42837,osc1_freq_lo,$D0,$A1
38,42884,osc1_freq_hi,$22,$1B
38,42905,osc1_pw_lo,$20,$80
38,42912,osc1_pw_hi,$07,$06
38,42944,filter_freq_hi,$20,$21
39,43383,osc3_sustain_release,$01,$CB
39,43390,osc3_attack_decay,$0F,$07
39,43454,osc3_control,$40,$01
39,43770,osc2_sustain_release,$48,$A8
39,43777,osc2_attack_decay,$00,$02
39,43801,osc2_control,$40,$41
39,44182,osc1_control,$20,$09
39,44215,filter_freq_hi,$21,$22
40,44609,osc3_freq_lo,$BF,$42
40,44616,osc3_freq_hi,$04,$8B
40,44637,osc3_pw_lo,$E0,$70
40,44644,osc3_pw_hi,$14,$06
40,44654,osc3_control,$01,$81
40,44912,osc2_freq_lo,$D1,$E5
40,44919,osc2_freq_hi,$22,$5C
40,44940,osc2_pw_lo,$C0,$F0
40,44947,osc2_pw_hi,$07,$03
40,44957,osc2_control,$41,$81
40,45180,osc1_freq_lo,$A1,$D0
40,45187,osc1_freq_hi,$1B,$22
40,45208,osc1_pw_lo,$80,$E0
40,45215,osc1_pw_hi,$06,$05
40,45225,osc1_control,$09,$21
40,45247,filter_freq_hi,$22,$6E
41,45531,osc3_freq_lo,$42,$39
41,45538,osc3_freq_hi,$8B,$09
41,45559,osc3_pw_lo,$70,$E0
41,45576,osc3_control,$81,$41
41,45798,osc2_freq_lo,$E5,$3A
41,45805,osc2_freq_hi,$5C,$17
41,45826,osc2_pw_lo,$F0,$E0
41,45833,osc2_pw_hi,$03,$04
41,45843,osc2_control,$81,$41
41,46081,osc1_pw_lo,$E0,$40
41,46120,filter_freq_hi,$6E,$59
42,46427,osc3_freq_lo,$39,$9D
42,46434,osc3_freq_hi,$09,$04
42,46455,osc3_pw_lo,$E0,$50
42,46462,osc3_pw_hi,$06,$07
42,46690,osc2_freq_lo,$3A,$E5
42,46697,osc2_freq_hi,$17,$5C
42,46718,osc2_pw_lo,$E0,$D0
42,46765,osc2_pw_hi,$04,$05
42,46775,osc2_control,$41,$11
42,46965,osc1_freq_lo,$D0,$A1
42,46972,osc1_freq_hi,$22,$1B
42,46993,osc1_pw_lo,$40,$A0
42,47000,osc1_pw_hi,$05,$04
42,47032,filter_freq_hi,$59,$44
43,47482,osc3_pw_lo,$50,$C0
43,47771,osc2_freq_lo,$E5,$3A
43,47778,osc2_freq_hi,$5C,$17
43,47799,osc2_pw_lo,$D0,$C0
43,47806,osc2_pw_hi,$05,$06
43,47816,osc2_control,$11,$41
43,48184,osc1_pw_lo,$A0,$00
43,48223,filter_freq_hi,$44,$2F
44,48586,osc3_pw_lo,$C0,$30
44,48593,osc3_pw_hi,$07,$08
44,48859,osc2_pw_lo,$C0,$F0
44,49146,osc1_freq_lo,$A1,$39
44,49153,osc1_freq_hi,$1B,$17
44,49174,osc1_pw_lo,$00,$A0
44,49213,filter_freq_hi,$2F,$1A
45,49562,osc3_pw_lo,$30,$A0
45,49849,osc2_pw_lo,$F0,$20
45,49856,osc2_pw_hi,$06,$07
45,49866,osc2_control,$41,$11
45,50200,osc1_pw_lo,$A0,$40
45,50207,osc1_pw_hi,$04,$05
45,50273,filter_freq_hi,$1A,$05
46,50584,osc3_pw_lo,$A0,$10
46,50631,osc3_pw_hi,$08,$09
46,50641,osc3_control,$41,$40
46,50851,osc2_pw_lo,$20,$50
46,50868,osc2_control,$11,$40
46,51023,osc1_freq_lo,$39,$6E
46,51030,osc1_freq_hi,$17,$12
46,51051,osc1_pw_lo,$40,$E0
46,51068,osc1_control,$21,$20
47,51418,osc3_pw_lo,$10,$80
47,51650,osc2_pw_lo,$50,$80
47,51667,osc2_control,$40,$10
47,51922,osc1_pw_lo,$E0,$80
47,51929,osc1_pw_hi,$05,$06
47,51961,filter_freq_hi,$05,$06
48,52256,osc3_pw_lo,$80,$F0
48,52530,osc2_pw_lo,$80,$B0
48,52547,osc2_control,$10,$40
48,52738,osc1_freq_lo,$6E,$D0
48,52745,osc1_freq_hi,$12,$22
48,52766,osc1_pw_lo,$80,$20
48,52773,osc1_pw_hi,$06,$07
48,52805,filter_freq_hi,$06,$07
49,53260,osc3_sustain_release,$CB,$01
49,53267,osc3_attack_decay,$07,$0F
49,53692,osc2_control,$40,$10
49,54086,filter_freq_hi,$07,$08
50,54422,osc3_pw_lo,$F0,$60
50,54429,osc3_pw_hi,$09,$0A
50,54748,osc2_pw_lo,$B0,$C0
50,54765,osc2_control,$10,$40
50,54973,osc1_freq_lo,$D0,$A1
50,54980,osc1_freq_hi,$22,$1B
50,55001,osc1_pw_lo,$20,$C0
50,55080,filter_freq_hi,$08,$09
51,55547,osc3_sustain_release,$01,$EA
51,55554,osc3_attack_decay,$0F,$07
51,55618,osc3_control,$40,$01
51,55996,osc2_sustain_release,$A8,$48
51,56003,osc2_attack_decay,$02,$00
51,56027,osc2_control,$40,$41
51,56408,osc1_control,$20,$09
51,56441,filter_freq_hi,$09,$0A
51,56458,filter_mode_volume,$3F,$7F
52,56834,osc3_freq_lo,$9D,$30
52,56841,osc3_freq_hi,$04,$FD
52,56862,osc3_pw_lo,$60,$00
52,56869,osc3_pw_hi,$0A,$08
52,56879,osc3_control,$01,$81
52,57137,osc2_freq_lo,$3A,$E5
52,57144,osc2_freq_hi,$17,$5C
52,57165,osc2_pw_lo,$C0,$F0
52,57172,osc2_pw_hi,$07,$03
52,57182,osc2_control,$41,$81
52,57406,osc1_freq_lo,$A1,$D0
52,57413,osc1_freq_hi,$1B,$22
52,57434,osc1_pw_lo,$C0,$60
52,57441,osc1_pw_hi,$07,$08
52,57451,osc1_control,$09,$21
52,57473,filter_freq_hi,$0A,$FE
53,57840,osc3_freq_lo,$30,$D2
53,57847,osc3_freq_hi,$FD,$0D
53,57885,osc3_control,$81,$41
53,58067,osc2_freq_lo,$E5,$3A
53,58074,osc2_freq_hi,$5C,$17
53,58095,osc2_pw_lo,$F0,$E0
53,58102,osc2_pw_hi,$03,$04
53,58112,osc2_control,$81,$41
53,58391,osc1_pw_lo,$60,$00
53,58398,osc1_pw_hi,$08,$09
53,58430,filter_freq_hi,$FE,$FF
54,58764,osc3_freq_lo,$D2,$F7
54,58771,osc3_freq_hi,$0D,$0A
54,58809,osc3_control,$41,$40
54,59067,osc2_freq_lo,$3A,$E5
54,59074,osc2_freq_hi,$17,$5C
54,59095,osc2_pw_lo,$E0,$D0
54,59102,osc2_pw_hi,$04,$05
54,59112,osc2_control,$41,$11
54,59303,osc1_freq_lo,$D0,$A1
54,59310,osc1_freq_hi,$22,$1B
54,59331,osc1_pw_lo,$00,$A0
54,59370,filter_freq_hi,$FF,$00
55,59858,osc3_freq_lo,$F7,$AE
55,59865,osc3_freq_hi,$0A,$57
55,59903,osc3_control,$40,$80
55,60215,osc2_freq_lo,$E5,$3A
55,60222,osc2_freq_hi,$5C,$17
55,60243,osc2_pw_lo,$D0,$C0
55,60250,osc2_pw_hi,$05,$06
55,60260,osc2_control,$11,$41
55,60629,osc1_pw_lo,$A0,$40
55,60636,osc1_pw_hi,$09,$0A
55,60668,filter_freq_hi,$00,$01
56,61034,osc3_freq_lo,$AE,$44
56,61041,osc3_freq_hi,$57,$37
56,61079,osc3_control,$80,$14
56,61375,osc2_pw_lo,$C0,$F0
56,61587,osc1_freq_lo,$A1,$39
56,61594,osc1_freq_hi,$1B,$17
56,61615,osc1_pw_lo,$40,$E0
56,61654,filter_freq_hi,$01,$02
57,62042,osc3_freq_lo,$44,$AE
57,62049,osc3_freq_hi,$37,$57
57,62087,osc3_control,$14,$80
57,62397,osc2_pw_lo,$F0,$20
57,62404,osc2_pw_hi,$06,$07
57,62414,osc2_control,$41,$11
57,62708,osc1_pw_lo,$E0,$80
57,62715,osc1_pw_hi,$0A,$0B
57,62781,filter_freq_hi,$02,$03
58,63152,osc3_freq_lo,$AE,$44
58,63159,osc3_freq_hi,$57,$37
58,63197,osc3_control,$80,$14
58,63447,osc2_pw_lo,$20,$50
58,63464,osc2_control,$11,$40
58,63619,osc1_freq_lo,$39,$6E
58,63626,osc1_freq_hi,$17,$12
58,63647,osc1_pw_lo,$80,$20
58,63654,osc1_pw_hi,$0B,$0C
58,63664,osc1_control,$21,$20
58,63686,filter_freq_hi,$03,$04
59,64053,osc3_freq_lo,$44,$AE
59,64060,osc3_freq_hi,$37,$57
59,64098,osc3_control,$14,$80
59,64313,osc2_pw_lo,$50,$80
59,64330,osc2_control,$40,$10
59,64585,osc1_pw_lo,$20,$C0
59,64624,filter_freq_hi,$04,$05
60,64962,osc3_freq_lo,$AE,$44
60,64969,osc3_freq_hi,$57,$37
60,65047,osc3_control,$80,$14
60,65264,osc2_pw_lo,$80,$B0
60,65281,osc2_control,$10,$40
60,65472,osc1_freq_lo,$6E,$D0
60,65479,osc1_freq_hi,$12,$22
60,65500,osc1_pw_lo,$C0,$60
60,65507,osc1_pw_hi,$0C,$0D
60,65539,filter_freq_hi,$05,$06
61,65913,osc3_freq_lo,$44,$AE
61,65920,osc3_freq_hi,$37,$57
61,65958,osc3_control,$14,$80
61,66307,osc2_control,$40,$10
61,66661,filter_freq_hi,$06,$07
62,67056,osc3_freq_lo,$AE,$44
62,67063,osc3_freq_hi,$57,$37
62,67101,osc3_control,$80,$14
62,67410,osc2_pw_lo,$B0,$C0
62,67427,osc2_control,$10,$40
62,67635,osc1_freq_lo,$D0,$A1
62,67642,osc1_freq_hi,$22,$1B
62,67663,osc1_pw_lo,$60,$00
62,67670,osc1_pw_hi,$0D,$0E
62,67702,filter_freq_hi,$07,$08
63,68069,osc3_freq_lo,$44,$AE
63,68076,osc3_freq_hi,$37,$57
63,68114,osc3_control,$14,$80
63,68459,osc2_sustain_release,$48,$A8
63,68466,osc2_attack_decay,$00,$02
63,68490,osc2_control,$40,$41
63,68831,osc1_control,$20,$09
63,68864,filter_freq_hi,$08,$09
64,69235,osc3_freq_lo,$AE,$44
64,69242,osc3_freq_hi,$57,$37
64,69280,osc3_control,$80,$14
64,69578,osc2_freq_lo,$3A,$E5
64,69585,osc2_freq_hi,$17,$5C
64,69606,osc2_pw_lo,$C0,$F0
64,69613,osc2_pw_hi,$07,$03
64,69623,osc2_control,$41,$81
64,69807,osc1_freq_lo,$A1,$D0
64,69814,osc1_freq_hi,$1B,$22
64,69835,osc1_pw_lo,$00,$A0
64,69852,osc1_control,$09,$21
64,69874,filter_freq_hi,$09,$0A
65,70241,osc3_freq_lo,$44,$AE
65,70248,osc3_freq_hi,$37,$57
65,70286,osc3_control,$14,$80
65,70468,osc2_freq_lo,$E5,$3A
65,70475,osc2_freq_hi,$5C,$17
65,70496,osc2_pw_lo,$F0,$E0
65,70503,osc2_pw_hi,$03,$04
65,70513,osc2_control,$81,$41
65,70826,osc1_pw_lo,$A0,$00
65,70865,filter_freq_hi,$0A,$0B
66,71243,osc3_freq_lo,$AE,$44
66,71250,osc3_freq_hi,$57,$37
66,71288,osc3_control,$80,$14
66,71506,osc2_freq_lo,$3A,$E5
66,71513,osc2_freq_hi,$17,$5C
66,71534,osc2_pw_lo,$E0,$D0
66,71541,osc2_pw_hi,$04,$05
66,71551,osc2_control,$41,$11
66,71781,osc1_freq_lo,$D0,$A1
66,71788,osc1_freq_hi,$22,$1B
66,71809,osc1_pw_lo,$00,$60
66,71816,osc1_pw_hi,$0E,$0D
66,71848,filter_freq_hi,$0B,$0C
67,72182,osc3_freq_lo,$44,$AE
67,72189,osc3_freq_hi,$37,$57
67,72227,osc3_control,$14,$80
67,72539,osc2_freq_lo,$E5,$3A
67,72546,osc2_freq_hi,$5C,$17
67,72567,osc2_pw_lo,$D0,$C0
67,72574,osc2_pw_hi,$05,$06
67,72584,osc2_control,$11,$41
67,72952,osc1_pw_lo,$60,$C0
67,72959,osc1_pw_hi,$0D,$0C
67,72991,filter_freq_hi,$0C,$0D
68,73386,osc3_freq_lo,$AE,$44
68,73393,osc3_freq_hi,$57,$37
68,73431,osc3_control,$80,$14
68,73687,osc2_pw_lo,$C0,$F0
68,73938,osc1_freq_lo,$A1,$39
68,73945,osc1_freq_hi,$1B,$17
68,73966,osc1_pw_lo,$C0,$20
68,74005,filter_freq_hi,$0D,$0E
69,74332,osc3_freq_lo,$44,$AE
69,74339,osc3_freq_hi,$37,$57
69,74377,osc3_control,$14,$80
69,74653,osc2_pw_lo,$F0,$20
69,74660,osc2_pw_hi,$06,$07
69,74670,osc2_control,$41,$11
69,74963,osc1_pw_lo,$20,$80
69,74970,osc1_pw_hi,$0C,$0B
69,75076,filter_freq_hi,$0E,$0F
70,75407,osc3_freq_lo,$AE,$44
70,75414,osc3_freq_hi,$57,$37
70,75452,osc3_control,$80,$14
70,75702,osc2_pw_lo,$20,$50
70,75719,osc2_control,$11,$40
70,75873,osc1_freq_lo,$39,$6E
70,75880,osc1_freq_hi,$17,$12
70,75901,osc1_pw_lo,$80,$E0
70,75908,osc1_pw_hi,$0B,$0A
70,75918,osc1_control,$21,$20
70,75940,filter_freq_hi,$0F,$10
71,76307,osc3_freq_lo,$44,$AE
71,76314,osc3_freq_hi,$37,$57
71,76352,osc3_control,$14,$80
71,76567,osc2_pw_lo,$50,$80
71,76584,osc2_control,$40,$10
71,76838,osc1_pw_lo,$E0,$40
71,76877,filter_freq_hi,$10,$11
72,77255,osc3_freq_lo,$AE,$44
72,77262,osc3_freq_hi,$57,$37
72,77300,osc3_control,$80,$14
72,77517,osc2_pw_lo,$80,$B0
72,77534,osc2_control,$10,$40
72,77724,osc1_freq_lo,$6E,$D0
72,77731,osc1_freq_hi,$12,$22
72,77752,osc1_pw_lo,$40,$A0
72,77759,osc1_pw_hi,$0A,$09
72,77831,filter_freq_hi,$11,$12
73,78165,osc3_freq_lo,$44,$AE
73,78172,osc3_freq_hi,$37,$57
73,78210,osc3_control,$14,$80
73,78611,osc2_control,$40,$10
73,79005,filter_freq_hi,$12,$13
74,79360,osc3_freq_lo,$AE,$44
74,79367,osc3_freq_hi,$57,$37
74,79405,osc3_control,$80,$14
74,79714,osc2_pw_lo,$B0,$C0
74,79731,osc2_control,$10,$40
74,79938,osc1_freq_lo,$D0,$A1
74,79945,osc1_freq_hi,$22,$1B
74,79966,osc1_pw_lo,$A0,$00
74,80045,filter_freq_hi,$13,$14
75,80372,osc3_freq_lo,$44,$AE
75,80379,osc3_freq_hi,$37,$57
75,80417,osc3_control,$14,$80
75,80824,osc2_sustain_release,$A8,$48
75,80831,osc2_attack_decay,$02,$00
75,80855,osc2_control,$40,$41
75,81236,osc1_control,$20,$09
75,81269,filter_freq_hi,$14,$15
76,81600,osc3_freq_lo,$AE,$44
76,81607,osc3_freq_hi,$57,$37
76,81685,osc3_control,$80,$14
76,81943,osc2_freq_lo,$3A,$E5
76,81950,osc2_freq_hi,$17,$5C
76,81971,osc2_pw_lo,$C0,$F0
76,81978,osc2_pw_hi,$07,$03
76,81988,osc2_control,$41,$81
76,82171,osc1_freq_lo,$A1,$D0
76,82178,osc1_freq_hi,$1B,$22
76,82239,osc1_pw_lo,$00,$60
76,82246,osc1_pw_hi,$09,$08
76,82256,osc1_control,$09,$21
76,82278,filter_freq_hi,$15,$16
77,82605,osc3_freq_lo,$44,$AE
77,82612,osc3_freq_hi,$37,$57
77,82650,osc3_control,$14,$80
77,82872,osc2_freq_lo,$E5,$3A
77,82879,osc2_freq_hi,$5C,$17
77,82900,osc2_pw_lo,$F0,$E0
77,82907,osc2_pw_hi,$03,$04
77,82917,osc2_control,$81,$41
77,83155,osc1_pw_lo,$60,$C0
77,83162,osc1_pw_hi,$08,$07
77,83194,filter_freq_hi,$16,$17
78,83572,osc3_freq_lo,$AE,$44
78,83579,osc3_freq_hi,$57,$37
78,83617,osc3_control,$80,$14
78,83835,osc2_freq_lo,$3A,$E5
78,83842,osc2_freq_hi,$17,$5C
78,83903,osc2_pw_lo,$E0,$D0
78,83910,osc2_pw_hi,$04,$05
78,83920,osc2_control,$41,$11
78,84110,osc1_freq_lo,$D0,$A1
78,84117,osc1_freq_hi,$22,$1B
78,84138,osc1_pw_lo,$C0,$20
78,84177,filter_freq_hi,$17,$18
79,84551,osc3_freq_lo,$44,$AE
79,84558,osc3_freq_hi,$37,$57
79,84596,osc3_control,$14,$80
79,84868,osc2_freq_lo,$E5,$3A
79,84875,osc2_freq_hi,$5C,$17
79,84896,osc2_pw_lo,$D0,$C0
79,84903,osc2_pw_hi,$05,$06
79,84913,osc2_control,$11,$41
79,85281,osc1_pw_lo,$20,$80
79,85288,osc1_pw_hi,$07,$06
79,85320,filter_freq_hi,$18,$19
80,85715,osc3_freq_lo,$AE,$44
80,85722,osc3_freq_hi,$57,$37
80,85760,osc3_control,$80,$14
80,86016,osc2_pw_lo,$C0,$F0
80,86267,osc1_freq_lo,$A1,$39
80,86274,osc1_freq_hi,$1B,$17
80,86295,osc1_pw_lo,$80,$E0
80,86302,osc1_pw_hi,$06,$05
80,86334,filter_freq_hi,$19,$1A
81,86701,osc3_freq_lo,$44,$AE
81,86708,osc3_freq_hi,$37,$57
81,86746,osc3_control,$14,$80
81,86982,osc2_pw_lo,$F0,$20
81,86989,osc2_pw_hi,$06,$07
81,86999,osc2_control,$41,$11
81,87332,osc1_pw_lo,$E0,$40
81,87405,filter_freq_hi,$1A,$1B
82,87776,osc3_freq_lo,$AE,$44
82,87783,osc3_freq_hi,$57,$37
82,87821,osc3_control,$80,$14
82,88031,osc2_pw_lo,$20,$50
82,88048,osc2_control,$11,$40
82,88202,osc1_freq_lo,$39,$6E
82,88209,osc1_freq_hi,$17,$12
82,88230,osc1_pw_lo,$40,$A0
82,88237,osc1_pw_hi,$05,$04
82,88247,osc1_control,$21,$20
82,88269,filter_freq_hi,$1B,$1C
83,88636,osc3_freq_lo,$44,$AE
83,88643,osc3_freq_hi,$37,$57
83,88681,osc3_control,$14,$80
83,88936,osc2_pw_lo,$50,$80
83,88953,osc2_control,$40,$10
83,89167,osc1_pw_lo,$A0,$00
83,89206,filter_freq_hi,$1C,$1D
84,89610,osc3_freq_lo,$AE,$44
84,89617,osc3_freq_hi,$57,$37
84,89655,osc3_control,$80,$14
84,89872,osc2_pw_lo,$80,$B0
84,89889,osc2_control,$10,$40
84,90155,osc1_freq_lo,$6E,$D0
84,90162,osc1_freq_hi,$12,$22
84,90183,osc1_pw_lo,$00,$A0
84,90222,filter_freq_hi,$1D,$FE
85,90713,osc3_freq_lo,$44,$AE
85,90720,osc3_freq_hi,$37,$57
85,90727,osc3_sustain_release,$EA,$01
85,90734,osc3_attack_decay,$07,$0F
85,90758,osc3_control,$14,$80
85,91107,osc2_control,$40,$10
85,91461,filter_freq_hi,$FE,$FF
86,91880,osc3_freq_lo,$AE,$44
86,91887,osc3_freq_hi,$57,$37
86,91925,osc3_control,$80,$14
86,92234,osc2_pw_lo,$B0,$C0
86,92251,osc2_control,$10,$40
86,92459,osc1_freq_lo,$D0,$A1
86,92466,osc1_freq_hi,$22,$1B
86,92487,osc1_pw_lo,$A0,$40
86,92494,osc1_pw_hi,$04,$05
86,92526,filter_freq_hi,$FF,$00
87,93033,osc3_sustain_release,$01,$CB
87,93040,osc3_attack_decay,$0F,$07
87,93064,osc3_control,$14,$01
87,93420,osc2_sustain_release,$48,$A8
87,93427,osc2_attack_decay,$00,$02
87,93451,osc2_control,$40,$41
87,93792,osc1_control,$20,$09
87,93865,filter_freq_hi,$00,$01
87,93882,filter_mode_volume,$7F,$3F
88,94219,osc3_freq_lo,$44,$42
88,94226,osc3_freq_hi,$37,$8B
88,94247,osc3_pw_lo,$00,$70
88,94254,osc3_pw_hi,$08,$06
88,94264,osc3_control,$01,$81
88,94562,osc2_freq_lo,$3A,$E5
88,94569,osc2_freq_hi,$17,$5C
88,94590,osc2_pw_lo,$C0,$F0
88,94597,osc2_pw_hi,$07,$03
88,94607,osc2_control,$41,$81
88,94791,osc1_freq_lo,$A1,$D0
88,94798,osc1_freq_hi,$1B,$22
88,94819,osc1_pw_lo,$40,$E0
88,94836,osc1_control,$09,$21
88,94858,filter_freq_hi,$01,$6E
89,95182,osc3_freq_lo,$42,$39
89,95189,osc3_freq_hi,$8B,$09
89,95210,osc3_pw_lo,$70,$E0
89,95227,osc3_control,$81,$41
89,95409,osc2_freq_lo,$E5,$D1
89,95416,osc2_freq_hi,$5C,$22
89,95437,osc2_pw_lo,$F0,$E0
89,95444,osc2_pw_hi,$03,$04
89,95454,osc2_control,$81,$41
89,95733,osc1_pw_lo,$E0,$80
89,95740,osc1_pw_hi,$05,$06
89,95772,filter_freq_hi,$6E,$59
90,96079,osc3_freq_lo,$39,$9D
90,96086,osc3_freq_hi,$09,$04
90,96107,osc3_pw_lo,$E0,$50
90,96114,osc3_pw_hi,$06,$07
90,96342,osc2_freq_lo,$D1,$41
90,96349,osc2_freq_hi,$22,$8B
90,96370,osc2_pw_lo,$E0,$D0
90,96377,osc2_pw_hi,$04,$05
90,96387,osc2_control,$41,$11
90,96578,osc1_freq_lo,$D0,$A1
90,96625,osc1_freq_hi,$22,$1B
90,96646,osc1_pw_lo,$80,$20
90,96653,osc1_pw_hi,$06,$07
90,96685,filter_freq_hi,$59,$44
91,97095,osc3_pw_lo,$50,$C0
91,97424,osc2_freq_lo,$41,$D1
91,97431,osc2_freq_hi,$8B,$22
91,97452,osc2_pw_lo,$D0,$C0
91,97459,osc2_pw_hi,$05,$06
91,97469,osc2_control,$11,$41
91,97838,osc1_pw_lo,$20,$C0
91,97877,filter_freq_hi,$44,$2F
92,98200,osc3_pw_lo,$C0,$30
92,98207,osc3_pw_hi,$07,$08
92,98513,osc2_pw_lo,$C0,$F0
92,98725,osc1_freq_lo,$A1,$39
92,98732,osc1_freq_hi,$1B,$17
92,98753,osc1_pw_lo,$C0,$60
92,98760,osc1_pw_hi,$07,$08
92,98832,filter_freq_hi,$2F,$1A
93,99141,osc3_pw_lo,$30,$A0
93,99468,osc2_pw_lo,$F0,$20
93,99475,osc2_pw_hi,$06,$07
93,99485,osc2_control,$41,$11
93,99779,osc1_pw_lo,$60,$00
93,99786,osc1_pw_hi,$08,$09
93,99852,filter_freq_hi,$1A,$05
94,100203,osc3_pw_lo,$A0,$10
94,100210,osc3_pw_hi,$08,$09
94,100220,osc3_control,$41,$40
94,100430,osc2_pw_lo,$20,$50
94,100447,osc2_control,$11,$40
94,100642,osc1_freq_lo,$39,$6E
94,100649,osc1_freq_hi,$17,$12
94,100670,osc1_pw_lo,$00,$A0
94,100687,osc1_control,$21,$20
95,100997,osc3_pw_lo,$10,$80
95,101269,osc2_pw_lo,$50,$80
95,101286,osc2_control,$40,$10
95,101501,osc1_pw_lo,$A0,$40
95,101508,osc1_pw_hi,$09,$0A
95,101540,filter_freq_hi,$05,$06
96,101875,osc3_pw_lo,$80,$F0
96,102109,osc2_pw_lo,$80,$B0
96,102166,osc2_control,$10,$40
96,102357,osc1_freq_lo,$6E,$D0
96,102364,osc1_freq_hi,$12,$22
96,102385,osc1_pw_lo,$40,$E0
96,102424,filter_freq_hi,$06,$07
97,102864,osc3_sustain_release,$CB,$01
97,102871,osc3_attack_decay,$07,$0F
97,103296,osc2_control,$40,$10
97,103650,filter_freq_hi,$07,$08
98,104026,osc3_pw_lo,$F0,$60
98,104033,osc3_pw_hi,$09,$0A
98,104312,osc2_pw_lo,$B0,$C0
98,104329,osc2_control,$10,$40
98,104577,osc1_freq_lo,$D0,$A1
98,104584,osc1_freq_hi,$22,$1B
98,104605,osc1_pw_lo,$E0,$80
98,104612,osc1_pw_hi,$0A,$0B
98,104644,filter_freq_hi,$08,$09
99,105123,osc3_sustain_release,$01,$CB
99,105130,osc3_attack_decay,$0F,$07
99,105154,osc3_control,$40,$01
99,105572,osc2_sustain_release,$A8,$48
99,105579,osc2_attack_decay,$02,$00
99,105603,osc2_control,$40,$41
99,105944,osc1_control,$20,$09
99,105977,filter_freq_hi,$09,$0A
100,106371,osc3_freq_lo,$9D,$42
100,106378,osc3_freq_hi,$04,$8B
100,106399,osc3_pw_lo,$60,$70
100,106406,osc3_pw_hi,$0A,$06
100,106416,osc3_control,$01,$81
100,106714,osc2_freq_lo,$D1,$E5
100,106721,osc2_freq_hi,$22,$5C
100,106742,osc2_pw_lo,$C0,$F0
100,106749,osc2_pw_hi,$07,$03
100,106759,osc2_control,$41,$81
100,106943,osc1_freq_lo,$A1,$D0
100,106950,osc1_freq_hi,$1B,$22
100,106971,osc1_pw_lo,$80,$20
100,106978,osc1_pw_hi,$0B,$0C
100,106988,osc1_control,$09,$21
100,107010,filter_freq_hi,$0A,$6E
101,107334,osc3_freq_lo,$42,$39
101,107341,osc3_freq_hi,$8B,$09
101,107362,osc3_pw_lo,$70,$E0
101,107379,osc3_control,$81,$41
101,107561,osc2_freq_lo,$E5,$D1
101,107568,osc2_freq_hi,$5C,$22
101,107589,osc2_pw_lo,$F0,$E0
101,107596,osc2_pw_hi,$03,$04
101,107606,osc2_control,$81,$41
101,107885,osc1_pw_lo,$20,$C0
101,107924,filter_freq_hi,$6E,$59
102,108191,osc3_freq_lo,$39,$9D
102,108198,osc3_freq_hi,$09,$04
102,108259,osc3_pw_lo,$E0,$50
102,108266,osc3_pw_hi,$06,$07
102,108494,osc2_freq_lo,$D1,$41
102,108501,osc2_freq_hi,$22,$8B
102,108522,osc2_pw_lo,$E0,$D0
102,108529,osc2_pw_hi,$04,$05
102,108539,osc2_control,$41,$11
102,108730,osc1_freq_lo,$D0,$A1
102,108737,osc1_freq_hi,$22,$1B
102,108758,osc1_pw_lo,$C0,$60
102,108805,osc1_pw_hi,$0C,$0D
102,108837,filter_freq_hi,$59,$44
103,109164,osc3_pw_lo,$50,$C0
103,109493,osc2_freq_lo,$41,$D1
103,109500,osc2_freq_hi,$8B,$22
103,109521,osc2_pw_lo,$D0,$C0
103,109528,osc2_pw_hi,$05,$06
103,109538,osc2_control,$11,$41
103,109907,osc1_pw_lo,$60,$00
103,109914,osc1_pw_hi,$0D,$0E
103,109946,filter_freq_hi,$44,$2F
104,110258,osc3_pw_lo,$C0,$30
104,110265,osc3_pw_hi,$07,$08
104,110571,osc2_pw_lo,$C0,$F0
104,110783,osc1_freq_lo,$A1,$39
104,110790,osc1_freq_hi,$1B,$17
104,110811,osc1_pw_lo,$00,$A0
104,110850,filter_freq_hi,$2F,$1A
105,111178,osc3_pw_lo,$30,$A0
105,111431,osc2_pw_lo,$F0,$20
105,111438,osc2_pw_hi,$06,$07
105,111448,osc2_control,$41,$11
105,111816,osc1_pw_lo,$A0,$00
105,111889,filter_freq_hi,$1A,$05
106,112240,osc3_pw_lo,$A0,$10
106,112247,osc3_pw_hi,$08,$09
106,112467,osc2_pw_lo,$20,$50
106,112484,osc2_control,$11,$40
106,112638,osc1_freq_lo,$39,$6E
106,112685,osc1_freq_hi,$17,$12
106,112706,osc1_pw_lo,$00,$60
106,112713,osc1_pw_hi,$0E,$0D
106,112723,osc1_control,$21,$20
107,113033,osc3_pw_lo,$10,$80
107,113305,osc2_pw_lo,$50,$80
107,113322,osc2_control,$40,$10
107,113536,osc1_pw_lo,$60,$C0
107,113543,osc1_pw_hi,$0D,$0C
107,113575,filter_freq_hi,$05,$06
108,113910,osc3_pw_lo,$80,$F0
108,114144,osc2_pw_lo,$80,$B0
108,114161,osc2_control,$10,$40
108,114391,osc1_freq_lo,$6E,$D0
108,114398,osc1_freq_hi,$12,$22
108,114419,osc1_pw_lo,$C0,$20
108,114458,filter_freq_hi,$06,$07
109,114753,osc3_pw_lo,$F0,$60
109,114760,osc3_pw_hi,$09,$0A
109,115119,osc2_control,$40,$10
109,115513,filter_freq_hi,$07,$08
110,115825,osc3_pw_lo,$60,$D0
110,116151,osc2_pw_lo,$B0,$C0
110,116168,osc2_control,$10,$40
110,116375,osc1_freq_lo,$D0,$A1
110,116382,osc1_freq_hi,$22,$1B
110,116403,osc1_pw_lo,$20,$80
110,116410,osc1_pw_hi,$0C,$0B
110,116442,filter_freq_hi,$08,$09
111,116770,osc3_pw_lo,$D0,$40
111,116777,osc3_pw_hi,$0A,$0B
111,117132,osc2_sustain_release,$48,$A8
111,117139,osc2_attack_decay,$00,$02
111,117163,osc2_control,$40,$41
111,117504,osc1_control,$20,$09
111,117537,filter_freq_hi,$09,$0A
112,117865,osc3_pw_lo,$40,$B0
112,118140,osc2_freq_lo,$D1,$E5
112,118147,osc2_freq_hi,$22,$5C
112,118168,osc2_pw_lo,$C0,$F0
112,118175,osc2_pw_hi,$07,$03
112,118225,osc2_control,$41,$81
112,118408,osc1_freq_lo,$A1,$D0
112,118415,osc1_freq_hi,$1B,$22
112,118436,osc1_pw_lo,$80,$E0
112,118443,osc1_pw_hi,$0B,$0A
112,118453,osc1_control,$09,$21
112,118475,filter_freq_hi,$0A,$0B
113,118803,osc3_pw_lo,$B0,$20
113,118810,osc3_pw_hi,$0B,$0C
113,119002,osc2_freq_lo,$E5,$D1
113,119009,osc2_freq_hi,$5C,$22
113,119030,osc2_pw_lo,$F0,$E0
113,119037,osc2_pw_hi,$03,$04
113,119047,osc2_control,$81,$41
113,119325,osc1_pw_lo,$E0,$40
113,119364,filter_freq_hi,$0B,$0C
114,119659,osc3_pw_lo,$20,$90
114,119934,osc2_freq_lo,$D1,$41
114,119941,osc2_freq_hi,$22,$8B
114,119962,osc2_pw_lo,$E0,$D0
114,119969,osc2_pw_hi,$04,$05
114,119979,osc2_control,$41,$11
114,120169,osc1_freq_lo,$D0,$A1
114,120176,osc1_freq_hi,$22,$1B
114,120197,osc1_pw_lo,$40,$A0
114,120204,osc1_pw_hi,$0A,$09
114,120236,filter_freq_hi,$0C,$0D
115,120571,osc3_pw_lo,$90,$00
115,120578,osc3_pw_hi,$0C,$0D
115,120860,osc2_freq_lo,$41,$D1
115,120867,osc2_freq_hi,$8B,$22
115,120888,osc2_pw_lo,$D0,$C0
115,120895,osc2_pw_hi,$05,$06
115,120905,osc2_control,$11,$41
115,121273,osc1_pw_lo,$A0,$00
115,121312,filter_freq_hi,$0D,$0E
116,121664,osc3_pw_lo,$00,$70
116,121937,osc2_pw_lo,$C0,$F0
116,122188,osc1_freq_lo,$A1,$39
116,122195,osc1_freq_hi,$1B,$17
116,122216,osc1_pw_lo,$00,$60
116,122223,osc1_pw_hi,$09,$08
116,122255,filter_freq_hi,$0E,$0F
117,122543,osc3_pw_lo,$70,$E0
117,122836,osc2_pw_lo,$F0,$20
117,122843,osc2_pw_hi,$06,$07
117,122853,osc2_control,$41,$11
117,123146,osc1_pw_lo,$60,$C0
117,123153,osc1_pw_hi,$08,$07
117,123259,filter_freq_hi,$0F,$10
118,123547,osc3_pw_lo,$E0,$50
118,123554,osc3_pw_hi,$0D,$0E
118,123814,osc2_pw_lo,$20,$50
118,123831,osc2_control,$11,$40
118,123985,osc1_freq_lo,$39,$6E
118,123992,osc1_freq_hi,$17,$12
118,124013,osc1_pw_lo,$C0,$20
118,124030,osc1_control,$21,$20
118,124052,filter_freq_hi,$10,$11
119,124380,osc3_pw_lo,$50,$C0
119,124612,osc2_pw_lo,$50,$80
119,124629,osc2_control,$40,$10
119,124883,osc1_pw_lo,$20,$80
119,124890,osc1_pw_hi,$07,$06
119,124922,filter_freq_hi,$11,$12
120,125217,osc3_pw_lo,$C0,$30
120,125224,osc3_pw_hi,$0E,$0F
120,125491,osc2_pw_lo,$80,$B0
120,125508,osc2_control,$10,$40
120,125698,osc1_freq_lo,$6E,$D0
120,125705,osc1_freq_hi,$12,$22
120,125726,osc1_pw_lo,$80,$E0
120,125733,osc1_pw_hi,$06,$05
120,125765,filter_freq_hi,$12,$13
121,126232,osc3_pw_lo,$30,$A0
121,126650,osc2_control,$40,$10
121,127004,filter_freq_hi,$13,$14
122,127367,osc3_pw_lo,$A0,$10
122,127374,osc3_pw_hi,$0F,$10
122,127693,osc2_pw_lo,$B0,$C0
122,127710,osc2_control,$10,$40
122,127917,osc1_freq_lo,$D0,$A1
122,127924,osc1_freq_hi,$22,$1B
122,127945,osc1_pw_lo,$E0,$40
122,127984,filter_freq_hi,$14,$15
123,128434,osc3_pw_lo,$10,$80
123,128899,osc2_sustain_release,$A8,$48
123,128906,osc2_attack_decay,$02,$00
123,128930,osc2_control,$40,$41
123,129311,osc1_control,$20,$09
123,129344,filter_freq_hi,$15,$16
124,129776,osc3_freq_lo,$9D,$AE
124,129844,osc3_pw_lo,$80,$F0
124,130119,osc2_freq_lo,$D1,$E5
124,130126,osc2_freq_hi,$22,$5C
124,130147,osc2_pw_lo,$C0,$F0
124,130154,osc2_pw_hi,$07,$03
124,130164,osc2_control,$41,$81
124,130347,osc1_freq_lo,$A1,$D0
124,130354,osc1_freq_hi,$1B,$22
124,130415,osc1_pw_lo,$40,$A0
124,130422,osc1_pw_hi,$05,$04
124,130432,osc1_control,$09,$21
124,130454,filter_freq_hi,$16,$17
125,130892,osc3_freq_lo,$AE,$BF
125,130960,osc3_pw_lo,$F0,$60
125,130967,osc3_pw_hi,$10,$11
125,131159,osc2_freq_lo,$E5,$D1
125,131166,osc2_freq_hi,$5C,$22
125,131187,osc2_pw_lo,$F0,$E0
125,131194,osc2_pw_hi,$03,$04
125,131204,osc2_control,$81,$41
125,131442,osc1_pw_lo,$A0,$00
125,131521,filter_freq_hi,$17,$18
126,131958,osc3_freq_lo,$BF,$AE
126,131986,osc3_pw_lo,$60,$D0
126,132261,osc2_freq_lo,$D1,$41
126,132268,osc2_freq_hi,$22,$8B
126,132289,osc2_pw_lo,$E0,$D0
126,132296,osc2_pw_hi,$04,$05
126,132306,osc2_control,$41,$11
126,132532,osc1_freq_lo,$D0,$A1
126,132539,osc1_freq_hi,$22,$1B
126,132560,osc1_pw_lo,$00,$A0
126,132639,filter_freq_hi,$18,$19
127,133076,osc3_freq_lo,$AE,$9D
127,133104,osc3_pw_lo,$D0,$40
127,133111,osc3_pw_hi,$11,$12
127,133433,osc2_freq_lo,$41,$D1
127,133440,osc2_freq_hi,$8B,$22
127,133461,osc2_pw_lo,$D0,$C0
127,133468,osc2_pw_hi,$05,$06
127,133478,osc2_control,$11,$41
127,133847,osc1_pw_lo,$A0,$40
127,133854,osc1_pw_hi,$04,$05
127,133886,filter_freq_hi,$19,$1A
128,134380,osc3_freq_lo,$9D,$8C
128,134408,osc3_pw_lo,$40,$B0
128,134681,osc2_pw_lo,$C0,$F0
128,134933,osc1_freq_lo,$A1,$39
128,134940,osc1_freq_hi,$1B,$17
128,134961,osc1_pw_lo,$40,$E0
128,135000,filter_freq_hi,$1A,$1B
129,135476,osc3_freq_lo,$8C,$7B
129,135504,osc3_pw_lo,$B0,$20
129,135511,osc3_pw_hi,$12,$13
129,135757,osc2_pw_lo,$F0,$20
129,135764,osc2_pw_hi,$06,$07
129,135774,osc2_control,$41,$11
129,136108,osc1_pw_lo,$E0,$80
129,136115,osc1_pw_hi,$05,$06
129,136181,filter_freq_hi,$1B,$1C
130,136653,osc3_freq_lo,$7B,$8C
130,136681,osc3_pw_lo,$20,$90
130,136908,osc2_pw_lo,$20,$50
130,136925,osc2_control,$11,$40
130,137120,osc1_freq_lo,$39,$6E
130,137127,osc1_freq_hi,$17,$12
130,137148,osc1_pw_lo,$80,$20
130,137155,osc1_pw_hi,$06,$07
130,137165,osc1_control,$21,$20
130,137187,filter_freq_hi,$1C,$1D
131,137659,osc3_freq_lo,$8C,$9D
131,137687,osc3_pw_lo,$90,$00
131,137694,osc3_pw_hi,$13,$14
131,137919,osc2_pw_lo,$50,$80
131,137936,osc2_control,$40,$10
131,138191,osc1_pw_lo,$20,$C0
131,138230,filter_freq_hi,$1D,$1E
132,138709,osc3_freq_lo,$9D,$AE
132,138737,osc3_pw_lo,$00,$70
132,138971,osc2_pw_lo,$80,$B0
132,138988,osc2_control,$10,$40
132,139179,osc1_freq_lo,$6E,$D0
132,139186,osc1_freq_hi,$12,$22
132,139247,osc1_pw_lo,$C0,$60
132,139254,osc1_pw_hi,$07,$08
132,139286,filter_freq_hi,$1E,$1F
133,139731,osc3_freq_lo,$AE,$BF
133,139799,osc3_pw_lo,$70,$E0
133,140125,osc2_control,$40,$10
133,140519,filter_freq_hi,$1F,$20
134,141013,osc3_freq_lo,$BF,$AE
134,141041,osc3_pw_lo,$E0,$50
134,141048,osc3_pw_hi,$14,$15
134,141327,osc2_pw_lo,$B0,$C0
134,141344,osc2_control,$10,$40
134,141592,osc1_freq_lo,$D0,$A1
134,141599,osc1_freq_hi,$22,$1B
134,141620,osc1_pw_lo,$60,$00
134,141627,osc1_pw_hi,$08,$09
134,141659,filter_freq_hi,$20,$21
135,142129,osc3_freq_lo,$AE,$9D
135,142157,osc3_pw_lo,$50,$C0
135,142479,osc2_sustain_release,$48,$A8
135,142486,osc2_attack_decay,$00,$02
135,142550,osc2_control,$40,$41
135,142891,osc1_control,$20,$09
135,142924,filter_freq_hi,$21,$22
136,143425,osc3_freq_lo,$9D,$8C
136,143453,osc3_pw_lo,$C0,$50
136,143768,osc2_freq_lo,$D1,$E5
136,143775,osc2_freq_hi,$22,$5C
136,143796,osc2_pw_lo,$C0,$F0
136,143803,osc2_pw_hi,$07,$03
136,143813,osc2_control,$41,$81
136,143997,osc1_freq_lo,$A1,$D0
136,144004,osc1_freq_hi,$1B,$22
136,144025,osc1_pw_lo,$00,$A0
136,144042,osc1_control,$09,$21
136,144064,filter_freq_hi,$22,$23
137,144539,osc3_freq_lo,$8C,$7B
137,144567,osc3_pw_lo,$50,$E0
137,144574,osc3_pw_hi,$15,$14
137,144806,osc2_freq_lo,$E5,$3A
137,144813,osc2_freq_hi,$5C,$17
137,144834,osc2_pw_lo,$F0,$E0
137,144841,osc2_pw_hi,$03,$04
137,144851,osc2_control,$81,$41
137,145090,osc1_pw_lo,$A0,$40
137,145097,osc1_pw_hi,$09,$0A
137,145129,filter_freq_hi,$23,$24
138,145630,osc3_freq_lo,$7B,$8C
138,145658,osc3_pw_lo,$E0,$70
138,145933,osc2_freq_lo,$3A,$E5
138,145940,osc2_freq_hi,$17,$5C
138,145961,osc2_pw_lo,$E0,$D0
138,145968,osc2_pw_hi,$04,$05
138,145978,osc2_control,$41,$11
138,146169,osc1_freq_lo,$D0,$A1
138,146176,osc1_freq_hi,$22,$1B
138,146197,osc1_pw_lo,$40,$E0
139,146714,osc3_freq_lo,$8C,$9D
139,146742,osc3_pw_lo,$70,$00
139,147071,osc2_freq_lo,$E5,$3A
139,147078,osc2_freq_hi,$5C,$17
139,147099,osc2_pw_lo,$D0,$C0
139,147106,osc2_pw_hi,$05,$06
139,147116,osc2_control,$11,$41
139,147445,osc1_pw_lo,$E0,$80
139,147452,osc1_pw_hi,$0A,$0B
139,147484,filter_freq_hi,$24,$25
140,147979,osc3_freq_lo,$9D,$AE
140,148007,osc3_pw_lo,$00,$90
140,148014,osc3_pw_hi,$14,$13
140,148320,osc2_pw_lo,$C0,$F0
140,148532,osc1_freq_lo,$A1,$39
140,148539,osc1_freq_hi,$1B,$17
140,148560,osc1_pw_lo,$80,$20
140,148567,osc1_pw_hi,$0B,$0C
140,148639,filter_freq_hi,$25,$26
141,149076,osc3_freq_lo,$AE,$BF
141,149104,osc3_pw_lo,$90,$20
141,149397,osc2_pw_lo,$F0,$20
141,149404,osc2_pw_hi,$06,$07
141,149414,osc2_control,$41,$11
141,149748,osc1_pw_lo,$20,$C0
141,149821,filter_freq_hi,$26,$27
142,150250,osc3_freq_lo,$BF,$AE
142,150318,osc3_pw_lo,$20,$B0
142,150325,osc3_pw_hi,$13,$12
142,150545,osc2_pw_lo,$20,$50
142,150562,osc2_control,$11,$40
142,150717,osc1_freq_lo,$39,$6E
142,150724,osc1_freq_hi,$17,$12
142,150745,osc1_pw_lo,$C0,$60
142,150752,osc1_pw_hi,$0C,$0D
142,150762,osc1_control,$21,$20
142,150784,filter_freq_hi,$27,$28
143,151253,osc3_freq_lo,$AE,$9D
143,151281,osc3_pw_lo,$B0,$40
143,151553,osc2_pw_lo,$50,$80
143,151570,osc2_control,$40,$10
143,151785,osc1_pw_lo,$60,$00
143,151792,osc1_pw_hi,$0D,$0E
143,151824,filter_freq_hi,$28,$29
144,152300,osc3_freq_lo,$9D,$8C
144,152328,osc3_pw_lo,$40,$D0
144,152335,osc3_pw_hi,$12,$11
144,152602,osc2_pw_lo,$80,$B0
144,152619,osc2_control,$10,$40
144,152810,osc1_freq_lo,$6E,$D0
144,152817,osc1_freq_hi,$12,$22
144,152838,osc1_pw_lo,$00,$A0
144,152877,filter_freq_hi,$29,$2A
145,153363,osc3_sustain_release,$CB,$01
145,153370,osc3_attack_decay,$07,$0F
145,153394,osc3_control,$41,$40
145,153795,osc2_control,$40,$10
145,154189,filter_freq_hi,$2A,$2B
146,154672,osc3_freq_lo,$8C,$7B
146,154740,osc3_pw_lo,$D0,$60
146,155026,osc2_pw_lo,$B0,$C0
146,155043,osc2_control,$10,$40
146,155325,osc1_freq_lo,$D0,$A1
146,155332,osc1_freq_hi,$22,$1B
146,155353,osc1_pw_lo,$A0,$00
146,155392,filter_freq_hi,$2B,$2C
147,155899,osc3_sustain_release,$01,$EA
147,155906,osc3_attack_decay,$0F,$07
147,155930,osc3_control,$40,$01
147,156308,osc2_sustain_release,$A8,$38
147,156315,osc2_attack_decay,$02,$00
147,156339,osc2_control,$40,$41
147,156720,osc1_control,$20,$09
147,156753,filter_freq_hi,$2C,$2D
147,156770,filter_mode_volume,$3F,$7F
148,157146,osc3_freq_lo,$7B,$30
148,157153,osc3_freq_hi,$04,$FD
148,157174,osc3_pw_lo,$60,$00
148,157181,osc3_pw_hi,$11,$08
148,157191,osc3_control,$01,$81
148,157449,osc2_freq_lo,$3A,$E5
148,157456,osc2_freq_hi,$17,$5C
148,157517,osc2_pw_lo,$C0,$F0
148,157524,osc2_pw_hi,$07,$03
148,157534,osc2_control,$41,$81
148,157717,osc1_freq_lo,$A1,$D0
148,157724,osc1_freq_hi,$1B,$22
148,157745,osc1_pw_lo,$00,$60
148,157752,osc1_pw_hi,$0E,$0D
148,157762,osc1_control,$09,$21
148,157784,filter_freq_hi,$2D,$FE
149,158151,osc3_freq_lo,$30,$D2
149,158158,osc3_freq_hi,$FD,$0D
149,158196,osc3_control,$81,$41
149,158378,osc2_freq_lo,$E5,$3A
149,158385,osc2_freq_hi,$5C,$17
149,158406,osc2_pw_lo,$F0,$E0
149,158413,osc2_pw_hi,$03,$04
149,158423,osc2_control,$81,$41
149,158701,osc1_pw_lo,$60,$C0
149,158708,osc1_pw_hi,$0D,$0C
149,158740,filter_freq_hi,$FE,$FF
150,159074,osc3_freq_lo,$D2,$F7
150,159081,osc3_freq_hi,$0D,$0A
150,159119,osc3_control,$41,$40
150,159377,osc2_freq_lo,$3A,$E5
150,159384,osc2_freq_hi,$17,$5C
150,159405,osc2_pw_lo,$E0,$D0
150,159412,osc2_pw_hi,$04,$05
150,159422,osc2_control,$41,$11
150,159612,osc1_freq_lo,$D0,$A1
150,159619,osc1_freq_hi,$22,$1B
150,159640,osc1_pw_lo,$C0,$20
150,159679,filter_freq_hi,$FF,$00
151,160167,osc3_freq_lo,$F7,$AE
151,160174,osc3_freq_hi,$0A,$57
151,160212,osc3_control,$40,$80
151,160524,osc2_freq_lo,$E5,$3A
151,160531,osc2_freq_hi,$5C,$17
151,160552,osc2_pw_lo,$D0,$C0
151,160559,osc2_pw_hi,$05,$06
151,160569,osc2_control,$11,$41
151,160937,osc1_pw_lo,$20,$80
151,160944,osc1_pw_hi,$0C,$0B
151,160976,filter_freq_hi,$00,$01
152,161342,osc3_freq_lo,$AE,$44
152,161389,osc3_freq_hi,$57,$37
152,161427,osc3_control,$80,$14
152,161683,osc2_pw_lo,$C0,$F0
152,161894,osc1_freq_lo,$A1,$39
152,161941,osc1_freq_hi,$1B,$17
152,161962,osc1_pw_lo,$80,$E0
152,161969,osc1_pw_hi,$0B,$0A
152,162001,filter_freq_hi,$01,$02
153,162349,osc3_freq_lo,$44,$AE
153,162356,osc3_freq_hi,$37,$57
153,162394,osc3_control,$14,$80
153,162704,osc2_pw_lo,$F0,$20
153,162711,osc2_pw_hi,$06,$07
153,162721,osc2_control,$41,$11
153,163054,osc1_pw_lo,$E0,$40
153,163127,filter_freq_hi,$02,$03
154,163458,osc3_freq_lo,$AE,$44
154,163465,osc3_freq_hi,$57,$37
154,163503,osc3_control,$80,$14
154,163753,osc2_pw_lo,$20,$50
154,163770,osc2_control,$11,$40
154,163924,osc1_freq_lo,$39,$6E
154,163931,osc1_freq_hi,$17,$12
154,163952,osc1_pw_lo,$40,$A0
154,163959,osc1_pw_hi,$0A,$09
154,163969,osc1_control,$21,$20
154,163991,filter_freq_hi,$03,$04
155,164358,osc3_freq_lo,$44,$AE
155,164365,osc3_freq_hi,$37,$57
155,164403,osc3_control,$14,$80
155,164618,osc2_pw_lo,$50,$80
155,164635,osc2_control,$40,$10
155,164889,osc1_pw_lo,$A0,$00
155,164928,filter_freq_hi,$04,$05
156,165306,osc3_freq_lo,$AE,$44
156,165313,osc3_freq_hi,$57,$37
156,165351,osc3_control,$80,$14
156,165568,osc2_pw_lo,$80,$B0
156,165585,osc2_control,$10,$40
156,165775,osc1_freq_lo,$6E,$D0
156,165782,osc1_freq_hi,$12,$22
156,165843,osc1_pw_lo,$00,$60
156,165850,osc1_pw_hi,$09,$08
156,165882,filter_freq_hi,$05,$06
157,166216,osc3_freq_lo,$44,$AE
157,166223,osc3_freq_hi,$37,$57
157,166261,osc3_control,$14,$80
157,166662,osc2_control,$40,$10
157,167056,filter_freq_hi,$06,$07
158,167411,osc3_freq_lo,$AE,$44
158,167418,osc3_freq_hi,$57,$37
158,167496,osc3_control,$80,$14
158,167765,osc2_pw_lo,$B0,$C0
158,167782,osc2_control,$10,$40
158,167989,osc1_freq_lo,$D0,$A1
158,168036,osc1_freq_hi,$22,$1B
158,168057,osc1_pw_lo,$60,$C0
158,168064,osc1_pw_hi,$08,$07
158,168096,filter_freq_hi,$07,$08
159,168423,osc3_freq_lo,$44,$AE
159,168430,osc3_freq_hi,$37,$57
159,168468,osc3_control,$14,$80
159,168875,osc2_sustain_release,$38,$48
159,168906,osc2_control,$40,$41
159,169287,osc1_control,$20,$09
159,169320,filter_freq_hi,$08,$09
160,169651,osc3_freq_lo,$AE,$44
160,169698,osc3_freq_hi,$57,$37
160,169736,osc3_control,$80,$14
160,169994,osc2_freq_lo,$3A,$E5
160,170001,osc2_freq_hi,$17,$5C
160,170022,osc2_pw_lo,$C0,$F0
160,170029,osc2_pw_hi,$07,$03
160,170039,osc2_control,$41,$81
160,170262,osc1_freq_lo,$A1,$D0
160,170269,osc1_freq_hi,$1B,$22
160,170290,osc1_pw_lo,$C0,$20
160,170307,osc1_control,$09,$21
160,170329,filter_freq_hi,$09,$0A
161,170656,osc3_freq_lo,$44,$AE
161,170663,osc3_freq_hi,$37,$57
161,170701,osc3_control,$14,$80
161,170923,osc2_freq_lo,$E5,$3A
161,170930,osc2_freq_hi,$5C,$17
161,170951,osc2_pw_lo,$F0,$E0
161,170958,osc2_pw_hi,$03,$04
161,170968,osc2_control,$81,$41
161,171206,osc1_pw_lo,$20,$80
161,171213,osc1_pw_hi,$07,$06
161,171245,filter_freq_hi,$0A,$0B
162,171623,osc3_freq_lo,$AE,$44
162,171630,osc3_freq_hi,$57,$37
162,171668,osc3_control,$80,$14
162,171926,osc2_freq_lo,$3A,$E5
162,171933,osc2_freq_hi,$17,$5C
162,171954,osc2_pw_lo,$E0,$D0
162,171961,osc2_pw_hi,$04,$05
162,171971,osc2_control,$41,$11
162,172161,osc1_freq_lo,$D0,$A1
162,172168,osc1_freq_hi,$22,$1B
162,172189,osc1_pw_lo,$80,$E0
162,172196,osc1_pw_hi,$06,$05
162,172228,filter_freq_hi,$0B,$0C
163,172602,osc3_freq_lo,$44,$AE
163,172609,osc3_freq_hi,$37,$57
163,172647,osc3_control,$14,$80
163,172919,osc2_freq_lo,$E5,$3A
163,172926,osc2_freq_hi,$5C,$17
163,172947,osc2_pw_lo,$D0,$C0
163,172954,osc2_pw_hi,$05,$06
163,172964,osc2_control,$11,$41
163,173332,osc1_pw_lo,$E0,$40
163,173371,filter_freq_hi,$0C,$0D
164,173766,osc3_freq_lo,$AE,$44
164,173773,osc3_freq_hi,$57,$37
164,173811,osc3_control,$80,$14
164,174067,osc2_pw_lo,$C0,$F0
164,174318,osc1_freq_lo,$A1,$39
164,174325,osc1_freq_hi,$1B,$17
164,174346,osc1_pw_lo,$40,$A0
164,174353,osc1_pw_hi,$05,$04
164,174385,filter_freq_hi,$0D,$0E
165,174752,osc3_freq_lo,$44,$AE
165,174759,osc3_freq_hi,$37,$57
165,174797,osc3_control,$14,$80
165,175033,osc2_pw_lo,$F0,$20
165,175040,osc2_pw_hi,$06,$07
165,175050,osc2_control,$41,$11
165,175383,osc1_pw_lo,$A0,$00
165,175456,filter_freq_hi,$0E,$0F
166,175827,osc3_freq_lo,$AE,$44
166,175834,osc3_freq_hi,$57,$37
166,175872,osc3_control,$80,$14
166,176082,osc2_pw_lo,$20,$50
166,176099,osc2_control,$11,$40
166,176289,osc1_freq_lo,$39,$6E
166,176336,osc1_freq_hi,$17,$12
166,176357,osc1_pw_lo,$00,$A0
166,176374,osc1_control,$21,$20
166,176396,filter_freq_hi,$0F,$10
167,176723,osc3_freq_lo,$44,$AE
167,176730,osc3_freq_hi,$37,$57
167,176768,osc3_control,$14,$80
167,177023,osc2_pw_lo,$50,$80
167,177040,osc2_control,$40,$10
167,177255,osc1_pw_lo,$A0,$40
167,177262,osc1_pw_hi,$04,$05
167,177294,filter_freq_hi,$10,$11
168,177672,osc3_freq_lo,$AE,$44
168,177679,osc3_freq_hi,$57,$37
168,177717,osc3_control,$80,$14
168,177934,osc2_pw_lo,$80,$B0
168,177951,osc2_control,$10,$40
168,178182,osc1_freq_lo,$6E,$D0
168,178189,osc1_freq_hi,$12,$22
168,178210,osc1_pw_lo,$40,$E0
168,178249,filter_freq_hi,$11,$12
169,178623,osc3_freq_lo,$44,$AE
169,178630,osc3_freq_hi,$37,$57
169,178668,osc3_control,$14,$80
169,178977,osc2_control,$40,$10
169,179371,filter_freq_hi,$12,$13
170,179766,osc3_freq_lo,$AE,$44
170,179773,osc3_freq_hi,$57,$37
170,179811,osc3_control,$80,$14
170,180080,osc2_pw_lo,$B0,$C0
170,180097,osc2_control,$10,$40
170,180345,osc1_freq_lo,$D0,$A1
170,180352,osc1_freq_hi,$22,$1B
170,180373,osc1_pw_lo,$E0,$80
170,180380,osc1_pw_hi,$05,$06
170,180412,filter_freq_hi,$13,$14
171,180779,osc3_freq_lo,$44,$AE
171,180786,osc3_freq_hi,$37,$57
171,180824,osc3_control,$14,$80
171,181129,osc2_sustain_release,$48,$A8
171,181136,osc2_attack_decay,$00,$02
171,181160,osc2_control,$40,$41
171,181541,osc1_control,$20,$09
171,181574,filter_freq_hi,$14,$15
172,181945,osc3_freq_lo,$AE,$44
172,181952,osc3_freq_hi,$57,$37
172,181990,osc3_control,$80,$14
172,182248,osc2_freq_lo,$3A,$E5
172,182255,osc2_freq_hi,$17,$5C
172,182276,osc2_pw_lo,$C0,$F0
172,182283,osc2_pw_hi,$07,$03
172,182293,osc2_control,$41,$81
172,182517,osc1_freq_lo,$A1,$D0
172,182524,osc1_freq_hi,$1B,$22
172,182545,osc1_pw_lo,$80,$20
172,182552,osc1_pw_hi,$06,$07
172,182562,osc1_control,$09,$21
172,182584,filter_freq_hi,$15,$16
173,182911,osc3_freq_lo,$44,$AE
173,182958,osc3_freq_hi,$37,$57
173,182996,osc3_control,$14,$80
173,183178,osc2_freq_lo,$E5,$14
173,183185,osc2_freq_hi,$5C,$1A
173,183206,osc2_pw_lo,$F0,$E0
173,183213,osc2_pw_hi,$03,$04
173,183223,osc2_control,$81,$41
173,183462,osc1_pw_lo,$20,$C0
173,183541,filter_freq_hi,$16,$17
174,183879,osc3_freq_lo,$AE,$44
174,183886,osc3_freq_hi,$57,$37
174,183924,osc3_control,$80,$14
174,184182,osc2_freq_lo,$14,$4D
174,184189,osc2_freq_hi,$1A,$68
174,184210,osc2_pw_lo,$E0,$D0
174,184217,osc2_pw_hi,$04,$05
174,184227,osc2_control,$41,$11
174,184418,osc1_freq_lo,$D0,$A1
174,184425,osc1_freq_hi,$22,$1B
174,184446,osc1_pw_lo,$C0,$60
174,184453,osc1_pw_hi,$07,$08
174,184485,filter_freq_hi,$17,$18
175,184859,osc3_freq_lo,$44,$AE
175,184866,osc3_freq_hi,$37,$57
175,184904,osc3_control,$14,$80
175,185216,osc2_freq_lo,$4D,$14
175,185223,osc2_freq_hi,$68,$1A
175,185244,osc2_pw_lo,$D0,$C0
175,185251,osc2_pw_hi,$05,$06
175,185261,osc2_control,$11,$41
175,185590,osc1_pw_lo,$60,$00
175,185597,osc1_pw_hi,$08,$09
175,185629,filter_freq_hi,$18,$19
176,186024,osc3_freq_lo,$AE,$44
176,186031,osc3_freq_hi,$57,$37
176,186069,osc3_control,$80,$14
176,186365,osc2_pw_lo,$C0,$F0
176,186577,osc1_freq_lo,$A1,$39
176,186584,osc1_freq_hi,$1B,$17
176,186605,osc1_pw_lo,$00,$A0
176,186644,filter_freq_hi,$19,$1A
177,187011,osc3_freq_lo,$44,$AE
177,187018,osc3_freq_hi,$37,$57
177,187056,osc3_control,$14,$80
177,187292,osc2_pw_lo,$F0,$20
177,187299,osc2_pw_hi,$06,$07
177,187309,osc2_control,$41,$11
177,187643,osc1_pw_lo,$A0,$40
177,187650,osc1_pw_hi,$09,$0A
177,187716,filter_freq_hi,$1A,$1B
178,188087,osc3_freq_lo,$AE,$44
178,188094,osc3_freq_hi,$57,$37
178,188132,osc3_control,$80,$14
178,188342,osc2_pw_lo,$20,$50
178,188359,osc2_control,$11,$40
178,188554,osc1_freq_lo,$39,$6E
178,188561,osc1_freq_hi,$17,$12
178,188582,osc1_pw_lo,$40,$E0
178,188599,osc1_control,$21,$20
178,188621,filter_freq_hi,$1B,$1C
179,188948,osc3_freq_lo,$44,$AE
179,188955,osc3_freq_hi,$37,$57
179,188993,osc3_control,$14,$80
179,189248,osc2_pw_lo,$50,$80
179,189265,osc2_control,$40,$10
179,189480,osc1_pw_lo,$E0,$80
179,189487,osc1_pw_hi,$0A,$0B
179,189519,filter_freq_hi,$1C,$1D
180,189923,osc3_freq_lo,$AE,$44
180,189930,osc3_freq_hi,$57,$37
180,189968,osc3_control,$80,$14
180,190225,osc2_pw_lo,$80,$B0
180,190242,osc2_control,$10,$40
180,190433,osc1_freq_lo,$6E,$D0
180,190440,osc1_freq_hi,$12,$22
180,190461,osc1_pw_lo,$80,$20
180,190468,osc1_pw_hi,$0B,$0C
180,190500,filter_freq_hi,$1D,$FE
181,190991,osc3_freq_lo,$44,$AE
181,190998,osc3_freq_hi,$37,$57
181,191005,osc3_sustain_release,$EA,$01
181,191012,osc3_attack_decay,$07,$0F
181,191036,osc3_control,$14,$80
181,191385,osc2_control,$40,$10
181,191739,filter_freq_hi,$FE,$FF
182,192158,osc3_freq_lo,$AE,$44
182,192165,osc3_freq_hi,$57,$37
182,192203,osc3_control,$80,$14
182,192512,osc2_pw_lo,$B0,$C0
182,192529,osc2_control,$10,$40
182,192737,osc1_freq_lo,$D0,$A1
182,192744,osc1_freq_hi,$22,$1B
182,192765,osc1_pw_lo,$20,$C0
182,192804,filter_freq_hi,$FF,$00
183,193309,osc3_sustain_release,$01,$CB
183,193316,osc3_attack_decay,$0F,$07
183,193340,osc3_control,$14,$01
183,193727,osc2_control,$40,$41
183,194108,osc1_control,$20,$09
183,194141,filter_freq_hi,$00,$01
183,194158,filter_mode_volume,$7F,$3F
184,194495,osc3_freq_lo,$44,$42
184,194502,osc3_freq_hi,$37,$8B
184,194523,osc3_pw_lo,$00,$70
184,194530,osc3_pw_hi,$08,$06
184,194540,osc3_control,$01,$81
184,194838,osc2_freq_lo,$14,$E5
184,194845,osc2_freq_hi,$1A,$5C
184,194866,osc2_pw_lo,$C0,$F0
184,194873,osc2_pw_hi,$07,$03
184,194883,osc2_control,$41,$81
184,195067,osc1_freq_lo,$A1,$D0
184,195074,osc1_freq_hi,$1B,$22
184,195095,osc1_pw_lo,$C0,$60
184,195102,osc1_pw_hi,$0C,$0D
184,195112,osc1_control,$09,$21
184,195174,filter_freq_hi,$01,$6E
185,195458,osc3_freq_lo,$42,$B6
185,195465,osc3_freq_hi,$8B,$08
185,195486,osc3_pw_lo,$70,$E0
185,195503,osc3_control,$81,$41
185,195725,osc2_freq_lo,$E5,$A2
185,195732,osc2_freq_hi,$5C,$1B
185,195753,osc2_pw_lo,$F0,$E0
185,195760,osc2_pw_hi,$03,$04
185,195770,osc2_control,$81,$41
185,196009,osc1_pw_lo,$60,$00
185,196016,osc1_pw_hi,$0D,$0E
185,196048,filter_freq_hi,$6E,$59
186,196355,osc3_freq_lo,$B6,$5C
186,196362,osc3_freq_hi,$08,$04
186,196383,osc3_pw_lo,$E0,$50
186,196390,osc3_pw_hi,$06,$07
186,196618,osc2_freq_lo,$A2,$85
186,196625,osc2_freq_hi,$1B,$6E
186,196646,osc2_pw_lo,$E0,$D0
186,196653,osc2_pw_hi,$04,$05
186,196663,osc2_control,$41,$11
186,196894,osc1_freq_lo,$D0,$A1
186,196901,osc1_freq_hi,$22,$1B
186,196922,osc1_pw_lo,$00,$A0
186,196961,filter_freq_hi,$59,$44
187,197415,osc3_pw_lo,$50,$C0
187,197708,osc2_freq_lo,$85,$A2
187,197715,osc2_freq_hi,$6E,$1B
187,197736,osc2_pw_lo,$D0,$C0
187,197743,osc2_pw_hi,$05,$06
187,197753,osc2_control,$11,$41
187,198156,osc1_pw_lo,$A0,$00
187,198195,filter_freq_hi,$44,$2F
188,198558,osc3_pw_lo,$C0,$30
188,198565,osc3_pw_hi,$07,$08
188,198831,osc2_pw_lo,$C0,$F0
188,199082,osc1_freq_lo,$A1,$39
188,199089,osc1_freq_hi,$1B,$17
188,199110,osc1_pw_lo,$00,$60
188,199117,osc1_pw_hi,$0E,$0D
188,199149,filter_freq_hi,$2F,$1A
189,199458,osc3_pw_lo,$30,$A0
189,199785,osc2_pw_lo,$F0,$20
189,199792,osc2_pw_hi,$06,$07
189,199802,osc2_control,$41,$11
189,200095,osc1_pw_lo,$60,$C0
189,200102,osc1_pw_hi,$0D,$0C
189,200208,filter_freq_hi,$1A,$05
190,200519,osc3_pw_lo,$A0,$10
190,200526,osc3_pw_hi,$08,$09
190,200536,osc3_control,$41,$40
190,200786,osc2_pw_lo,$20,$50
190,200803,osc2_control,$11,$40
190,200957,osc1_freq_lo,$39,$6E
190,200964,osc1_freq_hi,$17,$12
190,200985,osc1_pw_lo,$C0,$20
190,201002,osc1_control,$21,$20
191,201352,osc3_pw_lo,$10,$80
191,201584,osc2_pw_lo,$50,$80
191,201601,osc2_control,$40,$10
191,201855,osc1_pw_lo,$20,$80
191,201862,osc1_pw_hi,$0C,$0B
191,201894,filter_freq_hi,$05,$06
192,202238,osc3_pw_lo,$80,$F0
192,202578,osc2_pw_lo,$80,$B0
192,202595,osc2_control,$10,$40
192,202785,osc1_freq_lo,$6E,$D0
192,202792,osc1_freq_hi,$12,$22
192,202813,osc1_pw_lo,$80,$E0
192,202820,osc1_pw_hi,$0B,$0A
192,202852,filter_freq_hi,$06,$07
193,203338,osc3_sustain_release,$CB,$01
193,203345,osc3_attack_decay,$07,$0F
193,203795,osc2_control,$40,$10
193,204235,filter_freq_hi,$07,$08
194,204611,osc3_pw_lo,$F0,$60
194,204618,osc3_pw_hi,$09,$0A
194,204897,osc2_pw_lo,$B0,$C0
194,204914,osc2_control,$10,$40
194,205161,osc1_freq_lo,$D0,$A1
194,205168,osc1_freq_hi,$22,$1B
194,205189,osc1_pw_lo,$E0,$40
194,205228,filter_freq_hi,$08,$09
195,205735,osc3_sustain_release,$01,$CB
195,205742,osc3_attack_decay,$0F,$07
195,205766,osc3_control,$40,$01
195,206143,osc2_control,$40,$41
195,206564,osc1_control,$20,$09
195,206597,filter_freq_hi,$09,$0A
196,206991,osc3_freq_lo,$5C,$42
196,206998,osc3_freq_hi,$04,$8B
196,207019,osc3_pw_lo,$60,$70
196,207026,osc3_pw_hi,$0A,$06
196,207036,osc3_control,$01,$81
196,207294,osc2_freq_lo,$A2,$E5
196,207301,osc2_freq_hi,$1B,$5C
196,207362,osc2_pw_lo,$C0,$F0
196,207369,osc2_pw_hi,$07,$03
196,207379,osc2_control,$41,$81
196,207614,osc1_freq_lo,$A1,$D0
196,207621,osc1_freq_hi,$1B,$22
196,207642,osc1_pw_lo,$40,$A0
196,207649,osc1_pw_hi,$0A,$04
196,207659,osc1_control,$09,$21
196,207681,filter_freq_hi,$0A,$6E
197,208005,osc3_freq_lo,$42,$C6
197,208012,osc3_freq_hi,$8B,$09
197,208033,osc3_pw_lo,$70,$E0
197,208050,osc3_control,$81,$41
197,208232,osc2_freq_lo,$E5,$D1
197,208239,osc2_freq_hi,$5C,$22
197,208260,osc2_pw_lo,$F0,$E0
197,208267,osc2_pw_hi,$03,$04
197,208277,osc2_control,$81,$41
197,208556,osc1_pw_lo,$A0,$40
197,208563,osc1_pw_hi,$04,$05
197,208595,filter_freq_hi,$6E,$59
198,208862,osc3_freq_lo,$C6,$E4
198,208869,osc3_freq_hi,$09,$04
198,208890,osc3_pw_lo,$E0,$50
198,208897,osc3_pw_hi,$06,$07
198,209165,osc2_freq_lo,$D1,$41
198,209172,osc2_freq_hi,$22,$8B
198,209193,osc2_pw_lo,$E0,$D0
198,209200,osc2_pw_hi,$04,$05
198,209210,osc2_control,$41,$11
198,209401,osc1_freq_lo,$D0,$A1
198,209408,osc1_freq_hi,$22,$1B
198,209429,osc1_pw_lo,$40,$E0
198,209468,filter_freq_hi,$59,$44
199,209835,osc3_pw_lo,$50,$C0
199,210164,osc2_freq_lo,$41,$D1
199,210171,osc2_freq_hi,$8B,$22
199,210192,osc2_pw_lo,$D0,$C0
199,210199,osc2_pw_hi,$05,$06
199,210209,osc2_control,$11,$41
199,210538,osc1_pw_lo,$E0,$80
199,210545,osc1_pw_hi,$05,$06
199,210577,filter_freq_hi,$44,$2F
200,210929,osc3_pw_lo,$C0,$30
200,210936,osc3_pw_hi,$07,$08
200,211202,osc2_pw_lo,$C0,$F0
200,211454,osc1_freq_lo,$A1,$39
200,211461,osc1_freq_hi,$1B,$17
200,211482,osc1_pw_lo,$80,$20
200,211489,osc1_pw_hi,$06,$07
200,211521,filter_freq_hi,$2F,$1A
201,211849,osc3_pw_lo,$30,$A0
201,212102,osc2_pw_lo,$F0,$20
201,212109,osc2_pw_hi,$06,$07
201,212119,osc2_control,$41,$11
201,212453,osc1_pw_lo,$20,$C0
201,212526,filter_freq_hi,$1A,$05
202,212837,osc3_pw_lo,$A0,$10
202,212844,osc3_pw_hi,$08,$09
202,213104,osc2_pw_lo,$20,$50
202,213121,osc2_control,$11,$40
202,213276,osc1_freq_lo,$39,$88
202,213283,osc1_freq_hi,$17,$13
202,213304,osc1_pw_lo,$C0,$60
202,213311,osc1_pw_hi,$07,$08
202,213321,osc1_control,$21,$20
203,213671,osc3_pw_lo,$10,$80
203,213903,osc2_pw_lo,$50,$80
203,213920,osc2_control,$40,$10
203,214175,osc1_pw_lo,$60,$00
203,214182,osc1_pw_hi,$08,$09
203,214214,filter_freq_hi,$05,$06
204,214509,osc3_pw_lo,$80,$F0
204,214783,osc2_pw_lo,$80,$B0
204,214800,osc2_control,$10,$40
204,214991,osc1_freq_lo,$88,$D0
204,214998,osc1_freq_hi,$13,$22
204,215019,osc1_pw_lo,$00,$A0
204,215058,filter_freq_hi,$06,$07
205,215393,osc3_pw_lo,$F0,$60
205,215400,osc3_pw_hi,$09,$0A
205,215759,osc2_control,$40,$10
205,216113,filter_freq_hi,$07,$08
206,216465,osc3_pw_lo,$60,$D0
206,216751,osc2_pw_lo,$B0,$C0
206,216808,osc2_control,$10,$40
206,217016,osc1_freq_lo,$D0,$A1
206,217023,osc1_freq_hi,$22,$1B
206,217044,osc1_pw_lo,$A0,$40
206,217051,osc1_pw_hi,$09,$0A
206,217083,filter_freq_hi,$08,$09
207,217411,osc3_pw_lo,$D0,$40
207,217418,osc3_pw_hi,$0A,$0B
207,217764,osc2_control,$40,$41
207,218145,osc1_control,$20,$09
207,218178,filter_freq_hi,$09,$0A
208,218506,osc3_pw_lo,$40,$B0
208,218781,osc2_freq_lo,$D1,$E5
208,218788,osc2_freq_hi,$22,$5C
208,218809,osc2_pw_lo,$C0,$F0
208,218816,osc2_pw_hi,$07,$03
208,218826,osc2_control,$41,$81
208,219050,osc1_freq_lo,$A1,$D0
208,219057,osc1_freq_hi,$1B,$22
208,219078,osc1_pw_lo,$40,$E0
208,219095,osc1_control,$09,$21
208,219117,filter_freq_hi,$0A,$0B
209,219405,osc3_pw_lo,$B0,$20
209,219412,osc3_pw_hi,$0B,$0C
209,219644,osc2_freq_lo,$E5,$D1
209,219651,osc2_freq_hi,$5C,$22
209,219672,osc2_pw_lo,$F0,$E0
209,219679,osc2_pw_hi,$03,$04
209,219689,osc2_control,$81,$41
209,219928,osc1_pw_lo,$E0,$80
209,219935,osc1_pw_hi,$0A,$0B
209,219967,filter_freq_hi,$0B,$0C
210,220302,osc3_pw_lo,$20,$90
210,220537,osc2_freq_lo,$D1,$41
210,220544,osc2_freq_hi,$22,$8B
210,220565,osc2_pw_lo,$E0,$D0
210,220572,osc2_pw_hi,$04,$05
210,220582,osc2_control,$41,$11
210,220813,osc1_freq_lo,$D0,$A1
210,220820,osc1_freq_hi,$22,$1B
210,220841,osc1_pw_lo,$80,$20
210,220848,osc1_pw_hi,$0B,$0C
210,220880,filter_freq_hi,$0C,$0D
211,221175,osc3_pw_lo,$90,$00
211,221222,osc3_pw_hi,$0C,$0D
211,221504,osc2_freq_lo,$41,$D1
211,221511,osc2_freq_hi,$8B,$22
211,221532,osc2_pw_lo,$D0,$C0
211,221539,osc2_pw_hi,$05,$06
211,221549,osc2_control,$11,$41
211,221918,osc1_pw_lo,$20,$C0
211,221957,filter_freq_hi,$0D,$0E
212,222269,osc3_pw_lo,$00,$70
212,222582,osc2_pw_lo,$C0,$F0
212,222794,osc1_freq_lo,$A1,$39
212,222801,osc1_freq_hi,$1B,$17
212,222822,osc1_pw_lo,$C0,$60
212,222829,osc1_pw_hi,$0C,$0D
212,222901,filter_freq_hi,$0E,$0F
213,223189,osc3_pw_lo,$70,$E0
213,223482,osc2_pw_lo,$F0,$20
213,223489,osc2_pw_hi,$06,$07
213,223499,osc2_control,$41,$11
213,223793,osc1_pw_lo,$60,$00
213,223800,osc1_pw_hi,$0D,$0E
213,223866,filter_freq_hi,$0F,$10
214,224194,osc3_pw_lo,$E0,$50
214,224201,osc3_pw_hi,$0D,$0E
214,224421,osc2_pw_lo,$20,$50
214,224438,osc2_control,$11,$40
214,224633,osc1_freq_lo,$39,$88
214,224640,osc1_freq_hi,$17,$13
214,224661,osc1_pw_lo,$00,$A0
214,224678,osc1_control,$21,$20
214,224700,filter_freq_hi,$10,$11
215,224988,osc3_pw_lo,$50,$C0
215,225260,osc2_pw_lo,$50,$80
215,225277,osc2_control,$40,$10
215,225526,osc1_pw_lo,$A0,$00
215,225565,filter_freq_hi,$11,$12
216,225900,osc3_pw_lo,$C0,$30
216,225907,osc3_pw_hi,$0E,$0F
216,226134,osc2_pw_lo,$80,$B0
216,226151,osc2_control,$10,$40
216,226381,osc1_freq_lo,$88,$D0
216,226388,osc1_freq_hi,$13,$22
216,226409,osc1_pw_lo,$00,$60
216,226416,osc1_pw_hi,$0E,$0D
216,226448,filter_freq_hi,$12,$13
217,226946,osc3_pw_lo,$30,$A0
217,227364,osc2_control,$40,$10
217,227718,filter_freq_hi,$13,$14
218,228081,osc3_pw_lo,$A0,$10
218,228088,osc3_pw_hi,$0F,$10
218,228367,osc2_pw_lo,$B0,$C0
218,228424,osc2_control,$10,$40
218,228631,osc1_freq_lo,$D0,$A1
218,228638,osc1_freq_hi,$22,$1B
218,228659,osc1_pw_lo,$60,$C0
218,228666,osc1_pw_hi,$0D,$0C
218,228698,filter_freq_hi,$14,$15
219,229148,osc3_pw_lo,$10,$80
219,229613,osc2_sustain_release,$A8,$48
219,229620,osc2_attack_decay,$02,$00
219,229644,osc2_control,$40,$41
219,229985,osc1_control,$20,$09
219,230018,filter_freq_hi,$15,$16
220,230490,osc3_freq_lo,$E4,$F6
220,230518,osc3_pw_lo,$80,$F0
220,230833,osc2_freq_lo,$D1,$E5
220,230840,osc2_freq_hi,$22,$5C
220,230861,osc2_pw_lo,$C0,$F0
220,230868,osc2_pw_hi,$07,$03
220,230878,osc2_control,$41,$81
220,231061,osc1_freq_lo,$A1,$D0
220,231068,osc1_freq_hi,$1B,$22
220,231089,osc1_pw_lo,$C0,$20
220,231106,osc1_control,$09,$21
220,231128,filter_freq_hi,$16,$17
221,231606,osc3_freq_lo,$F6,$08
221,231613,osc3_freq_hi,$04,$05
221,231634,osc3_pw_lo,$F0,$60
221,231641,osc3_pw_hi,$10,$11
221,231873,osc2_freq_lo,$E5,$D1
221,231880,osc2_freq_hi,$5C,$22
221,231901,osc2_pw_lo,$F0,$E0
221,231908,osc2_pw_hi,$03,$04
221,231918,osc2_control,$81,$41
221,232156,osc1_pw_lo,$20,$80
221,232163,osc1_pw_hi,$0C,$0B
221,232195,filter_freq_hi,$17,$18
222,232672,osc3_freq_lo,$08,$F6
222,232679,osc3_freq_hi,$05,$04
222,232700,osc3_pw_lo,$60,$D0
222,232975,osc2_freq_lo,$D1,$41
222,232982,osc2_freq_hi,$22,$8B
222,233003,osc2_pw_lo,$E0,$D0
222,233010,osc2_pw_hi,$04,$05
222,233020,osc2_control,$41,$11
222,233210,osc1_freq_lo,$D0,$A1
222,233217,osc1_freq_hi,$22,$1B
222,233238,osc1_pw_lo,$80,$E0
222,233245,osc1_pw_hi,$0B,$0A
222,233277,filter_freq_hi,$18,$19
223,233754,osc3_freq_lo,$F6,$E4
223,233782,osc3_pw_lo,$D0,$40
223,233789,osc3_pw_hi,$11,$12
223,234111,osc2_freq_lo,$41,$D1
223,234118,osc2_freq_hi,$8B,$22
223,234139,osc2_pw_lo,$D0,$C0
223,234146,osc2_pw_hi,$05,$06
223,234156,osc2_control,$11,$41
223,234524,osc1_pw_lo,$E0,$40
223,234563,filter_freq_hi,$19,$1A
224,235057,osc3_freq_lo,$E4,$D2
224,235085,osc3_pw_lo,$40,$B0
224,235358,osc2_pw_lo,$C0,$F0
224,235609,osc1_freq_lo,$A1,$39
224,235616,osc1_freq_hi,$1B,$17
224,235637,osc1_pw_lo,$40,$A0
224,235644,osc1_pw_hi,$0A,$09
224,235676,filter_freq_hi,$1A,$1B
225,236112,osc3_freq_lo,$D2,$C0
225,236180,osc3_pw_lo,$B0,$20
225,236187,osc3_pw_hi,$12,$13
225,236433,osc2_pw_lo,$F0,$20
225,236440,osc2_pw_hi,$06,$07
225,236450,osc2_control,$41,$11
225,236783,osc1_pw_lo,$A0,$00
225,236856,filter_freq_hi,$1B,$1C
226,237328,osc3_freq_lo,$C0,$D2
226,237356,osc3_pw_lo,$20,$90
226,237583,osc2_pw_lo,$20,$50
226,237600,osc2_control,$11,$40
226,237754,osc1_freq_lo,$39,$88
226,237761,osc1_freq_hi,$17,$13
226,237782,osc1_pw_lo,$00,$60
226,237829,osc1_pw_hi,$09,$08
226,237839,osc1_control,$21,$20
226,237861,filter_freq_hi,$1C,$1D
227,238293,osc3_freq_lo,$D2,$E4
227,238321,osc3_pw_lo,$90,$00
227,238328,osc3_pw_hi,$13,$14
227,238593,osc2_pw_lo,$50,$80
227,238610,osc2_control,$40,$10
227,238824,osc1_pw_lo,$60,$C0
227,238831,osc1_pw_hi,$08,$07
227,238863,filter_freq_hi,$1D,$1E
228,239342,osc3_freq_lo,$E4,$F6
228,239370,osc3_pw_lo,$00,$70
228,239644,osc2_pw_lo,$80,$B0
228,239661,osc2_control,$10,$40
228,239851,osc1_freq_lo,$88,$D0
228,239858,osc1_freq_hi,$13,$22
228,239879,osc1_pw_lo,$C0,$20
228,239918,filter_freq_hi,$1E,$1F
229,240358,osc3_sustain_release,$CB,$01
229,240365,osc3_attack_decay,$07,$0F
229,240389,osc3_control,$41,$40
229,240738,osc2_control,$40,$10
229,241132,filter_freq_hi,$1F,$20
230,241618,osc3_freq_lo,$F6,$08
230,241625,osc3_freq_hi,$04,$05
230,241686,osc3_pw_lo,$70,$E0
230,241972,osc2_pw_lo,$B0,$C0
230,241989,osc2_control,$10,$40
230,242196,osc1_freq_lo,$D0,$A1
230,242243,osc1_freq_hi,$22,$1B
230,242264,osc1_pw_lo,$20,$80
230,242271,osc1_pw_hi,$07,$06
230,242303,filter_freq_hi,$20,$21
231,242742,osc3_sustain_release,$01,$CB
231,242749,osc3_attack_decay,$0F,$07
231,242813,osc3_control,$40,$01
231,243129,osc2_sustain_release,$48,$A8
231,243136,osc2_attack_decay,$00,$02
231,243160,osc2_control,$40,$41
231,243541,osc1_control,$20,$09
231,243574,filter_freq_hi,$21,$22
232,243968,osc3_freq_lo,$08,$42
232,243975,osc3_freq_hi,$05,$8B
232,243996,osc3_pw_lo,$E0,$70
232,244003,osc3_pw_hi,$14,$06
232,244013,osc3_control,$01,$81
232,244271,osc2_freq_lo,$D1,$E5
232,244278,osc2_freq_hi,$22,$5C
232,244299,osc2_pw_lo,$C0,$F0
232,244306,osc2_pw_hi,$07,$03
232,244316,osc2_control,$41,$81
232,244539,osc1_freq_lo,$A1,$D0
232,244546,osc1_freq_hi,$1B,$22
232,244567,osc1_pw_lo,$80,$E0
232,244574,osc1_pw_hi,$06,$05
232,244584,osc1_control,$09,$21
232,244606,filter_freq_hi,$22,$6E
233,244890,osc3_freq_lo,$42,$C6
233,244897,osc3_freq_hi,$8B,$09
233,244918,osc3_pw_lo,$70,$E0
233,244935,osc3_control,$81,$41
233,245157,osc2_freq_lo,$E5,$3A
233,245164,osc2_freq_hi,$5C,$17
233,245185,osc2_pw_lo,$F0,$E0
233,245192,osc2_pw_hi,$03,$04
233,245202,osc2_control,$81,$41
233,245440,osc1_pw_lo,$E0,$40
233,245479,filter_freq_hi,$6E,$59
234,245786,osc3_freq_lo,$C6,$E4
234,245793,osc3_freq_hi,$09,$04
234,245814,osc3_pw_lo,$E0,$50
234,245821,osc3_pw_hi,$06,$07
234,246049,osc2_freq_lo,$3A,$E5
234,246056,osc2_freq_hi,$17,$5C
234,246077,osc2_pw_lo,$E0,$D0
234,246124,osc2_pw_hi,$04,$05
234,246134,osc2_control,$41,$11
234,246324,osc1_freq_lo,$D0,$A1
234,246331,osc1_freq_hi,$22,$1B
234,246352,osc1_pw_lo,$40,$A0
234,246359,osc1_pw_hi,$05,$04
234,246391,filter_freq_hi,$59,$44
235,246841,osc3_pw_lo,$50,$C0
235,247130,osc2_freq_lo,$E5,$3A
235,247137,osc2_freq_hi,$5C,$17
235,247158,osc2_pw_lo,$D0,$C0
235,247165,osc2_pw_hi,$05,$06
235,247175,osc2_control,$11,$41
235,247543,osc1_pw_lo,$A0,$00
235,247582,filter_freq_hi,$44,$2F
236,247945,osc3_pw_lo,$C0,$30
236,247952,osc3_pw_hi,$07,$08
236,248218,osc2_pw_lo,$C0,$F0
236,248505,osc1_freq_lo,$A1,$39
236,248512,osc1_freq_hi,$1B,$17
236,248533,osc1_pw_lo,$00,$A0
236,248572,filter_freq_hi,$2F,$1A
237,248921,osc3_pw_lo,$30,$A0
237,249208,osc2_pw_lo,$F0,$20
237,249215,osc2_pw_hi,$06,$07
237,249225,osc2_control,$41,$11
237,249559,osc1_pw_lo,$A0,$40
237,249566,osc1_pw_hi,$04,$05
237,249632,filter_freq_hi,$1A,$05
238,249943,osc3_pw_lo,$A0,$10
238,249990,osc3_pw_hi,$08,$09
238,250000,osc3_control,$41,$40
238,250210,osc2_pw_lo,$20,$50
238,250227,osc2_control,$11,$40
238,250382,osc1_freq_lo,$39,$88
238,250389,osc1_freq_hi,$17,$13
238,250410,osc1_pw_lo,$40,$E0
238,250427,osc1_control,$21,$20
239,250777,osc3_pw_lo,$10,$80
239,251009,osc2_pw_lo,$50,$80
239,251026,osc2_control,$40,$10
239,251281,osc1_pw_lo,$E0,$80
239,251288,osc1_pw_hi,$05,$06
239,251320,filter_freq_hi,$05,$06
240,251615,osc3_pw_lo,$80,$F0
240,251889,osc2_pw_lo,$80,$B0
240,251906,osc2_control,$10,$40
240,252097,osc1_freq_lo,$88,$D0
240,252104,osc1_freq_hi,$13,$22
240,252125,osc1_pw_lo,$80,$20
240,252132,osc1_pw_hi,$06,$07
240,252164,filter_freq_hi,$06,$07
241,252619,osc3_sustain_release,$CB,$01
241,252626,osc3_attack_decay,$07,$0F
241,253051,osc2_control,$40,$10
241,253445,filter_freq_hi,$07,$08
242,253781,osc3_pw_lo,$F0,$60
242,253788,osc3_pw_hi,$09,$0A
242,254107,osc2_pw_lo,$B0,$C0
242,254124,osc2_control,$10,$40
242,254332,osc1_freq_lo,$D0,$A1
242,254339,osc1_freq_hi,$22,$1B
242,254360,osc1_pw_lo,$20,$C0
242,254439,filter_freq_hi,$08,$09
243,254906,osc3_sustain_release,$01,$EA
243,254913,osc3_attack_decay,$0F,$07
243,254977,osc3_control,$40,$01
243,255355,osc2_sustain_release,$A8,$48
243,255362,osc2_attack_decay,$02,$00
243,255386,osc2_control,$40,$41
243,255767,osc1_control,$20,$09
243,255800,filter_freq_hi,$09,$0A
243,255817,filter_mode_volume,$3F,$7F
244,256193,osc3_freq_lo,$E4,$30
244,256200,osc3_freq_hi,$04,$FD
244,256221,osc3_pw_lo,$60,$00
244,256228,osc3_pw_hi,$0A,$08
244,256238,osc3_control,$01,$81
244,256496,osc2_freq_lo,$3A,$E5
244,256503,osc2_freq_hi,$17,$5C
244,256524,osc2_pw_lo,$C0,$F0
244,256531,osc2_pw_hi,$07,$03
244,256541,osc2_control,$41,$81
244,256765,osc1_freq_lo,$A1,$D0
244,256772,osc1_freq_hi,$1B,$22
244,256793,osc1_pw_lo,$C0,$60
244,256800,osc1_pw_hi,$07,$08
244,256810,osc1_control,$09,$21
244,256832,filter_freq_hi,$0A,$FE
245,257199,osc3_freq_lo,$30,$D2
245,257206,osc3_freq_hi,$FD,$0D
245,257244,osc3_control,$81,$41
245,257426,osc2_freq_lo,$E5,$3A
245,257433,osc2_freq_hi,$5C,$17
245,257454,osc2_pw_lo,$F0,$E0
245,257461,osc2_pw_hi,$03,$04
245,257471,osc2_control,$81,$41
245,257750,osc1_pw_lo,$60,$00
245,257757,osc1_pw_hi,$08,$09
245,257789,filter_freq_hi,$FE,$FF
246,258123,osc3_freq_lo,$D2,$F7
246,258130,osc3_freq_hi,$0D,$0A
246,258168,osc3_control,$41,$40
246,258426,osc2_freq_lo,$3A,$E5
246,258433,osc2_freq_hi,$17,$5C
246,258454,osc2_pw_lo,$E0,$D0
246,258461,osc2_pw_hi,$04,$05
246,258471,osc2_control,$41,$11
246,258662,osc1_freq_lo,$D0,$A1
246,258669,osc1_freq_hi,$22,$1B
246,258690,osc1_pw_lo,$00,$A0
246,258729,filter_freq_hi,$FF,$00
247,259217,osc3_freq_lo,$F7,$AE
247,259224,osc3_freq_hi,$0A,$57
247,259262,osc3_control,$40,$80
247,259574,osc2_freq_lo,$E5,$3A
247,259581,osc2_freq_hi,$5C,$17
247,259602,osc2_pw_lo,$D0,$C0
247,259609,osc2_pw_hi,$05,$06
247,259619,osc2_control,$11,$41
247,259988,osc1_pw_lo,$A0,$40
247,259995,osc1_pw_hi,$09,$0A
247,260027,filter_freq_hi,$00,$01
248,260393,osc3_freq_lo,$AE,$44
248,260400,osc3_freq_hi,$57,$37
248,260438,osc3_control,$80,$14
248,260734,osc2_pw_lo,$C0,$F0
248,260946,osc1_freq_lo,$A1,$39
248,260953,osc1_freq_hi,$1B,$17
248,260974,osc1_pw_lo,$40,$E0
248,261013,filter_freq_hi,$01,$02
249,261401,osc3_freq_lo,$44,$AE
249,261408,osc3_freq_hi,$37,$57
249,261446,osc3_control,$14,$80
249,261756,osc2_pw_lo,$F0,$20
249,261763,osc2_pw_hi,$06,$07
249,261773,osc2_control,$41,$11
249,262067,osc1_pw_lo,$E0,$80
249,262074,osc1_pw_hi,$0A,$0B
249,262140,filter_freq_hi,$02,$03
250,262511,osc3_freq_lo,$AE,$44
250,262518,osc3_freq_hi,$57,$37
250,262556,osc3_control,$80,$14
250,262806,osc2_pw_lo,$20,$50
250,262823,osc2_control,$11,$40
250,262978,osc1_freq_lo,$39,$88
250,262985,osc1_freq_hi,$17,$13
250,263006,osc1_pw_lo,$80,$20
250,263013,osc1_pw_hi,$0B,$0C
250,263023,osc1_control,$21,$20
250,263045,filter_freq_hi,$03,$04
251,263412,osc3_freq_lo,$44,$AE
251,263419,osc3_freq_hi,$37,$57
251,263457,osc3_control,$14,$80
251,263672,osc2_pw_lo,$50,$80
251,263689,osc2_control,$40,$10
251,263944,osc1_pw_lo,$20,$C0
251,263983,filter_freq_hi,$04,$05
252,264321,osc3_freq_lo,$AE,$44
252,264328,osc3_freq_hi,$57,$37
252,264406,osc3_control,$80,$14
252,264623,osc2_pw_lo,$80,$B0
252,264640,osc2_control,$10,$40
252,264831,osc1_freq_lo,$88,$D0
252,264838,osc1_freq_hi,$13,$22
252,264859,osc1_pw_lo,$C0,$60
252,264866,osc1_pw_hi,$0C,$0D
252,264898,filter_freq_hi,$05,$06
253,265272,osc3_freq_lo,$44,$AE
253,265279,osc3_freq_hi,$37,$57
253,265317,osc3_control,$14,$80
253,265666,osc2_control,$40,$10
253,266020,filter_freq_hi,$06,$07
254,266415,osc3_freq_lo,$AE,$44
254,266422,osc3_freq_hi,$57,$37
254,266460,osc3_control,$80,$14
254,266769,osc2_pw_lo,$B0,$C0
254,266786,osc2_control,$10,$40
254,266994,osc1_freq_lo,$D0,$A1
254,267001,osc1_freq_hi,$22,$1B
254,267022,osc1_pw_lo,$60,$00
254,267029,osc1_pw_hi,$0D,$0E
254,267061,filter_freq_hi,$07,$08
255,267428,osc3_freq_lo,$44,$AE
255,267435,osc3_freq_hi,$37,$57
255,267473,osc3_control,$14,$80
255,267818,osc2_sustain_release,$48,$A8
255,267825,osc2_attack_decay,$00,$02
255,267849,osc2_control,$40,$41
255,268190,osc1_control,$20,$09
255,268223,filter_freq_hi,$08,$09
256,268594,osc3_freq_lo,$AE,$44
256,268601,osc3_freq_hi,$57,$37
256,268639,osc3_control,$80,$14
256,268937,osc2_freq_lo,$3A,$E5
256,268944,osc2_freq_hi,$17,$5C
256,268965,osc2_pw_lo,$C0,$F0
256,268972,osc2_pw_hi,$07,$03
256,268982,osc2_control,$41,$81
256,269166,osc1_freq_lo,$A1,$D0
256,269173,osc1_freq_hi,$1B,$22
256,269194,osc1_pw_lo,$00,$A0
256,269211,osc1_control,$09,$21
256,269233,filter_freq_hi,$09,$0A
257,269600,osc3_freq_lo,$44,$AE
257,269607,osc3_freq_hi,$37,$57
257,269645,osc3_control,$14,$80
257,269827,osc2_freq_lo,$E5,$3A
257,269834,osc2_freq_hi,$5C,$17
257,269855,osc2_pw_lo,$F0,$E0
257,269862,osc2_pw_hi,$03,$04
257,269872,osc2_control,$81,$41
257,270185,osc1_pw_lo,$A0,$00
257,270224,filter_freq_hi,$0A,$0B
258,270602,osc3_freq_lo,$AE,$44
258,270609,osc3_freq_hi,$57,$37
258,270647,osc3_control,$80,$14
258,270865,osc2_freq_lo,$3A,$E5
258,270872,osc2_freq_hi,$17,$5C
258,270893,osc2_pw_lo,$E0,$D0
258,270900,osc2_pw_hi,$04,$05
258,270910,osc2_control,$41,$11
258,271140,osc1_freq_lo,$D0,$A1
258,271147,osc1_freq_hi,$22,$1B
258,271168,osc1_pw_lo,$00,$60
258,271175,osc1_pw_hi,$0E,$0D
258,271207,filter_freq_hi,$0B,$0C
259,271541,osc3_freq_lo,$44,$AE
259,271548,osc3_freq_hi,$37,$57
259,271586,osc3_control,$14,$80
259,271898,osc2_freq_lo,$E5,$3A
259,271905,osc2_freq_hi,$5C,$17
259,271926,osc2_pw_lo,$D0,$C0
259,271933,osc2_pw_hi,$05,$06
259,271943,osc2_control,$11,$41
259,272311,osc1_pw_lo,$60,$C0
259,272318,osc1_pw_hi,$0D,$0C
259,272350,filter_freq_hi,$0C,$0D
260,272745,osc3_freq_lo,$AE,$44
260,272752,osc3_freq_hi,$57,$37
260,272790,osc3_control,$80,$14
260,273046,osc2_pw_lo,$C0,$F0
260,273297,osc1_freq_lo,$A1,$39
260,273304,osc1_freq_hi,$1B,$17
260,273325,osc1_pw_lo,$C0,$20
260,273364,filter_freq_hi,$0D,$0E
261,273691,osc3_freq_lo,$44,$AE
261,273698,osc3_freq_hi,$37,$57
261,273736,osc3_control,$14,$80
261,274012,osc2_pw_lo,$F0,$20
261,274019,osc2_pw_hi,$06,$07
261,274029,osc2_control,$41,$11
261,274322,osc1_pw_lo,$20,$80
261,274329,osc1_pw_hi,$0C,$0B
261,274435,filter_freq_hi,$0E,$0F
262,274766,osc3_freq_lo,$AE,$44
262,274773,osc3_freq_hi,$57,$37
262,274811,osc3_control,$80,$14
262,275061,osc2_pw_lo,$20,$50
262,275078,osc2_control,$11,$40
262,275232,osc1_freq_lo,$39,$88
262,275239,osc1_freq_hi,$17,$13
262,275260,osc1_pw_lo,$80,$E0
262,275267,osc1_pw_hi,$0B,$0A
262,275277,osc1_control,$21,$20
262,275299,filter_freq_hi,$0F,$10
263,275666,osc3_freq_lo,$44,$AE
263,275673,osc3_freq_hi,$37,$57
263,275711,osc3_control,$14,$80
263,275926,osc2_pw_lo,$50,$80
263,275943,osc2_control,$40,$10
263,276197,osc1_pw_lo,$E0,$40
263,276236,filter_freq_hi,$10,$11
264,276614,osc3_freq_lo,$AE,$44
264,276621,osc3_freq_hi,$57,$37
264,276659,osc3_control,$80,$14
264,276876,osc2_pw_lo,$80,$B0
264,276893,osc2_control,$10,$40
264,277083,osc1_freq_lo,$88,$D0
264,277090,osc1_freq_hi,$13,$22
264,277111,osc1_pw_lo,$40,$A0
264,277118,osc1_pw_hi,$0A,$09
264,277190,filter_freq_hi,$11,$12
265,277524,osc3_freq_lo,$44,$AE
265,277531,osc3_freq_hi,$37,$57
265,277569,osc3_control,$14,$80
265,277970,osc2_control,$40,$10
265,278364,filter_freq_hi,$12,$13
266,278719,osc3_freq_lo,$AE,$44
266,278726,osc3_freq_hi,$57,$37
266,278764,osc3_control,$80,$14
266,279073,osc2_pw_lo,$B0,$C0
266,279090,osc2_control,$10,$40
266,279297,osc1_freq_lo,$D0,$A1
266,279304,osc1_freq_hi,$22,$1B
266,279325,osc1_pw_lo,$A0,$00
266,279404,filter_freq_hi,$13,$14
267,279731,osc3_freq_lo,$44,$AE
267,279738,osc3_freq_hi,$37,$57
267,279776,osc3_control,$14,$80
267,280183,osc2_sustain_release,$A8,$48
267,280190,osc2_attack_decay,$02,$00
267,280214,osc2_control,$40,$41
267,280595,osc1_control,$20,$09
267,280628,filter_freq_hi,$14,$15
268,280959,osc3_freq_lo,$AE,$44
268,280966,osc3_freq_hi,$57,$37
268,281044,osc3_control,$80,$14
268,281302,osc2_freq_lo,$3A,$E5
268,281309,osc2_freq_hi,$17,$5C
268,281330,osc2_pw_lo,$C0,$F0
268,281337,osc2_pw_hi,$07,$03
268,281347,osc2_control,$41,$81
268,281530,osc1_freq_lo,$A1,$D0
268,281537,osc1_freq_hi,$1B,$22
268,281598,osc1_pw_lo,$00,$60
268,281605,osc1_pw_hi,$09,$08
268,281615,osc1_control,$09,$21
268,281637,filter_freq_hi,$15,$16
269,281964,osc3_freq_lo,$44,$AE
269,281971,osc3_freq_hi,$37,$57
269,282009,osc3_control,$14,$80
269,282231,osc2_freq_lo,$E5,$3A
269,282238,osc2_freq_hi,$5C,$17
269,282259,osc2_pw_lo,$F0,$E0
269,282266,osc2_pw_hi,$03,$04
269,282276,osc2_control,$81,$41
269,282514,osc1_pw_lo,$60,$C0
269,282521,osc1_pw_hi,$08,$07
269,282553,filter_freq_hi,$16,$17
270,282931,osc3_freq_lo,$AE,$44
270,282938,osc3_freq_hi,$57,$37
270,282976,osc3_control,$80,$14
270,283194,osc2_freq_lo,$3A,$E5
270,283201,osc2_freq_hi,$17,$5C
270,283262,osc2_pw_lo,$E0,$D0
270,283269,osc2_pw_hi,$04,$05
270,283279,osc2_control,$41,$11
270,283469,osc1_freq_lo,$D0,$A1
270,283476,osc1_freq_hi,$22,$1B
270,283497,osc1_pw_lo,$C0,$20
270,283536,filter_freq_hi,$17,$18
271,283910,osc3_freq_lo,$44,$AE
271,283917,osc3_freq_hi,$37,$57
271,283955,osc3_control,$14,$80
271,284227,osc2_freq_lo,$E5,$3A
271,284234,osc2_freq_hi,$5C,$17
271,284255,osc2_pw_lo,$D0,$C0
271,284262,osc2_pw_hi,$05,$06
271,284272,osc2_control,$11,$41
271,284640,osc1_pw_lo,$20,$80
271,284647,osc1_pw_hi,$07,$06
271,284679,filter_freq_hi,$18,$19
272,285074,osc3_freq_lo,$AE,$44
272,285081,osc3_freq_hi,$57,$37
272,285119,osc3_control,$80,$14
272,285375,osc2_pw_lo,$C0,$F0
272,285626,osc1_freq_lo,$A1,$39
272,285633,osc1_freq_hi,$1B,$17
272,285654,osc1_pw_lo,$80,$E0
272,285661,osc1_pw_hi,$06,$05
272,285693,filter_freq_hi,$19,$1A
273,286060,osc3_freq_lo,$44,$AE
273,286067,osc3_freq_hi,$37,$57
273,286105,osc3_control,$14,$80
273,286341,osc2_pw_lo,$F0,$20
273,286348,osc2_pw_hi,$06,$07
273,286358,osc2_control,$41,$11
273,286691,osc1_pw_lo,$E0,$40
273,286764,filter_freq_hi,$1A,$1B
274,287135,osc3_freq_lo,$AE,$44
274,287142,osc3_freq_hi,$57,$37
274,287180,osc3_control,$80,$14
274,287390,osc2_pw_lo,$20,$50
274,287407,osc2_control,$11,$40
274,287561,osc1_freq_lo,$39,$88
274,287568,osc1_freq_hi,$17,$13
274,287589,osc1_pw_lo,$40,$A0
274,287596,osc1_pw_hi,$05,$04
274,287606,osc1_control,$21,$20
274,287628,filter_freq_hi,$1B,$1C
275,287995,osc3_freq_lo,$44,$AE
275,288002,osc3_freq_hi,$37,$57
275,288040,osc3_control,$14,$80
275,288295,osc2_pw_lo,$50,$80
275,288312,osc2_control,$40,$10
275,288526,osc1_pw_lo,$A0,$00
275,288565,filter_freq_hi,$1C,$1D
276,288969,osc3_freq_lo,$AE,$44
276,288976,osc3_freq_hi,$57,$37
276,289014,osc3_control,$80,$14
276,289231,osc2_pw_lo,$80,$B0
276,289248,osc2_control,$10,$40
276,289514,osc1_freq_lo,$88,$D0
276,289521,osc1_freq_hi,$13,$22
276,289542,osc1_pw_lo,$00,$A0
276,289581,filter_freq_hi,$1D,$FE
277,290072,osc3_freq_lo,$44,$AE
277,290079,osc3_freq_hi,$37,$57
277,290086,osc3_sustain_release,$EA,$01
277,290093,osc3_attack_decay,$07,$0F
277,290117,osc3_control,$14,$80
277,290466,osc2_control,$40,$10
277,290820,filter_freq_hi,$FE,$FF
278,291239,osc3_freq_lo,$AE,$44
278,291246,osc3_freq_hi,$57,$37
278,291284,osc3_control,$80,$14
278,291593,osc2_pw_lo,$B0,$C0
278,291610,osc2_control,$10,$40
278,291818,osc1_freq_lo,$D0,$A1
278,291825,osc1_freq_hi,$22,$1B
278,291846,osc1_pw_lo,$A0,$40
278,291853,osc1_pw_hi,$04,$05
278,291885,filter_freq_hi,$FF,$00
279,292392,osc3_sustain_release,$01,$CB
279,292399,osc3_attack_decay,$0F,$07
279,292423,osc3_control,$14,$01
279,292779,osc2_sustain_release,$48,$A8
279,292786,osc2_attack_decay,$00,$02
279,292810,osc2_control,$40,$41
279,293151,osc1_control,$20,$09
279,293224,filter_freq_hi,$00,$01
279,293241,filter_mode_volume,$7F,$3F
280,293578,osc3_freq_lo,$44,$42
280,293585,osc3_freq_hi,$37,$8B
280,293606,osc3_pw_lo,$00,$70
280,293613,osc3_pw_hi,$08,$06
280,293623,osc3_control,$01,$81
280,293921,osc2_freq_lo,$3A,$E5
280,293928,osc2_freq_hi,$17,$5C
280,293949,osc2_pw_lo,$C0,$F0
280,293956,osc2_pw_hi,$07,$03
280,293966,osc2_control,$41,$81
280,294150,osc1_freq_lo,$A1,$D0
280,294157,osc1_freq_hi,$1B,$22
280,294178,osc1_pw_lo,$40,$E0
280,294195,osc1_control,$09,$21
280,294217,filter_freq_hi,$01,$6E
281,294541,osc3_freq_lo,$42,$C6
281,294548,osc3_freq_hi,$8B,$09
281,294569,osc3_pw_lo,$70,$E0
281,294586,osc3_control,$81,$41
281,294768,osc2_freq_lo,$E5,$D1
281,294775,osc2_freq_hi,$5C,$22
281,294796,osc2_pw_lo,$F0,$E0
281,294803,osc2_pw_hi,$03,$04
281,294813,osc2_control,$81,$41
281,295092,osc1_pw_lo,$E0,$80
281,295099,osc1_pw_hi,$05,$06
281,295131,filter_freq_hi,$6E,$59
282,295438,osc3_freq_lo,$C6,$E4
282,295445,osc3_freq_hi,$09,$04
282,295466,osc3_pw_lo,$E0,$50
282,295473,osc3_pw_hi,$06,$07
282,295701,osc2_freq_lo,$D1,$41
282,295708,osc2_freq_hi,$22,$8B
282,295729,osc2_pw_lo,$E0,$D0
282,295736,osc2_pw_hi,$04,$05
282,295746,osc2_control,$41,$11
282,295937,osc1_freq_lo,$D0,$A1
282,295984,osc1_freq_hi,$22,$1B
282,296005,osc1_pw_lo,$80,$20
282,296012,osc1_pw_hi,$06,$07
282,296044,filter_freq_hi,$59,$44
283,296454,osc3_pw_lo,$50,$C0
283,296783,osc2_freq_lo,$41,$D1
283,296790,osc2_freq_hi,$8B,$22
283,296811,osc2_pw_lo,$D0,$C0
283,296818,osc2_pw_hi,$05,$06
283,296828,osc2_control,$11,$41
283,297197,osc1_pw_lo,$20,$C0
283,297236,filter_freq_hi,$44,$2F
284,297559,osc3_pw_lo,$C0,$30
284,297566,osc3_pw_hi,$07,$08
284,297872,osc2_pw_lo,$C0,$F0
284,298084,osc1_freq_lo,$A1,$39
284,298091,osc1_freq_hi,$1B,$17
284,298112,osc1_pw_lo,$C0,$60
284,298119,osc1_pw_hi,$07,$08
284,298191,filter_freq_hi,$2F,$1A
285,298500,osc3_pw_lo,$30,$A0
285,298827,osc2_pw_lo,$F0,$20
285,298834,osc2_pw_hi,$06,$07
285,298844,osc2_control,$41,$11
285,299138,osc1_pw_lo,$60,$00
285,299145,osc1_pw_hi,$08,$09
285,299211,filter_freq_hi,$1A,$05
286,299562,osc3_pw_lo,$A0,$10
286,299569,osc3_pw_hi,$08,$09
286,299579,osc3_control,$41,$40
286,299789,osc2_pw_lo,$20,$50
286,299806,osc2_control,$11,$40
286,300001,osc1_freq_lo,$39,$88
286,300008,osc1_freq_hi,$17,$13
286,300029,osc1_pw_lo,$00,$A0
286,300046,osc1_control,$21,$20
287,300356,osc3_pw_lo,$10,$80
287,300628,osc2_pw_lo,$50,$80
287,300645,osc2_control,$40,$10
287,300860,osc1_pw_lo,$A0,$40
287,300867,osc1_pw_hi,$09,$0A
287,300899,filter_freq_hi,$05,$06
288,301234,osc3_pw_lo,$80,$F0
288,301468,osc2_pw_lo,$80,$B0
288,301525,osc2_control,$10,$40
288,301716,osc1_freq_lo,$88,$D0
288,301723,osc1_freq_hi,$13,$22
288,301744,osc1_pw_lo,$40,$E0
288,301783,filter_freq_hi,$06,$07
289,302223,osc3_sustain_release,$CB,$01
289,302230,osc3_attack_decay,$07,$0F
289,302655,osc2_control,$40,$10
289,303009,filter_freq_hi,$07,$08
290,303385,osc3_pw_lo,$F0,$60
290,303392,osc3_pw_hi,$09,$0A
290,303671,osc2_pw_lo,$B0,$C0
290,303688,osc2_control,$10,$40
290,303936,osc1_freq_lo,$D0,$A1
290,303943,osc1_freq_hi,$22,$1B
290,303964,osc1_pw_lo,$E0,$80
290,303971,osc1_pw_hi,$0A,$0B
290,304003,filter_freq_hi,$08,$09
291,304482,osc3_sustain_release,$01,$CB
291,304489,osc3_attack_decay,$0F,$07
291,304513,osc3_control,$40,$01
291,304931,osc2_sustain_release,$A8,$48
291,304938,osc2_attack_decay,$02,$00
291,304962,osc2_control,$40,$41
291,305303,osc1_control,$20,$09
291,305336,filter_freq_hi,$09,$0A
292,305730,osc3_freq_lo,$E4,$42
292,305737,osc3_freq_hi,$04,$8B
292,305758,osc3_pw_lo,$60,$70
292,305765,osc3_pw_hi,$0A,$06
292,305775,osc3_control,$01,$81
292,306073,osc2_freq_lo,$D1,$E5
292,306080,osc2_freq_hi,$22,$5C
292,306101,osc2_pw_lo,$C0,$F0
292,306108,osc2_pw_hi,$07,$03
292,306118,osc2_control,$41,$81
292,306302,osc1_freq_lo,$A1,$D0
292,306309,osc1_freq_hi,$1B,$22
292,306330,osc1_pw_lo,$80,$20
292,306337,osc1_pw_hi,$0B,$0C
292,306347,osc1_control,$09,$21
292,306369,filter_freq_hi,$0A,$6E
293,306693,osc3_freq_lo,$42,$C6
293,306700,osc3_freq_hi,$8B,$09
293,306721,osc3_pw_lo,$70,$E0
293,306738,osc3_control,$81,$41
293,306920,osc2_freq_lo,$E5,$D1
293,306927,osc2_freq_hi,$5C,$22
293,306948,osc2_pw_lo,$F0,$E0
293,306955,osc2_pw_hi,$03,$04
293,306965,osc2_control,$81,$41
293,307244,osc1_pw_lo,$20,$C0
293,307283,filter_freq_hi,$6E,$59
294,307550,osc3_freq_lo,$C6,$E4
294,307557,osc3_freq_hi,$09,$04
294,307618,osc3_pw_lo,$E0,$50
294,307625,osc3_pw_hi,$06,$07
294,307853,osc2_freq_lo,$D1,$41
294,307860,osc2_freq_hi,$22,$8B
294,307881,osc2_pw_lo,$E0,$D0
294,307888,osc2_pw_hi,$04,$05
294,307898,osc2_control,$41,$11
294,308089,osc1_freq_lo,$D0,$A1
294,308096,osc1_freq_hi,$22,$1B
294,308117,osc1_pw_lo,$C0,$60
294,308164,osc1_pw_hi,$0C,$0D
294,308196,filter_freq_hi,$59,$44
295,308523,osc3_pw_lo,$50,$C0
295,308852,osc2_freq_lo,$41,$D1
295,308859,osc2_freq_hi,$8B,$22
295,308880,osc2_pw_lo,$D0,$C0
295,308887,osc2_pw_hi,$05,$06
295,308897,osc2_control,$11,$41
295,309266,osc1_pw_lo,$60,$00
295,309273,osc1_pw_hi,$0D,$0E
295,309305,filter_freq_hi,$44,$2F
296,309617,osc3_pw_lo,$C0,$30
296,309624,osc3_pw_hi,$07,$08
296,309930,osc2_pw_lo,$C0,$F0
296,310142,osc1_freq_lo,$A1,$39
296,310149,osc1_freq_hi,$1B,$17
296,310170,osc1_pw_lo,$00,$A0
296,310209,filter_freq_hi,$2F,$1A
297,310537,osc3_pw_lo,$30,$A0
297,310790,osc2_pw_lo,$F0,$20
297,310797,osc2_pw_hi,$06,$07
297,310807,osc2_control,$41,$11
297,311175,osc1_pw_lo,$A0,$00
297,311248,filter_freq_hi,$1A,$05
298,311599,osc3_pw_lo,$A0,$10
298,311606,osc3_pw_hi,$08,$09
298,311826,osc2_pw_lo,$20,$50
298,311843,osc2_control,$11,$40
298,311997,osc1_freq_lo,$39,$88
298,312044,osc1_freq_hi,$17,$13
298,312065,osc1_pw_lo,$00,$60
298,312072,osc1_pw_hi,$0E,$0D
298,312082,osc1_control,$21,$20
299,312392,osc3_pw_lo,$10,$80
299,312664,osc2_pw_lo,$50,$80
299,312681,osc2_control,$40,$10
299,312895,osc1_pw_lo,$60,$C0
299,312902,osc1_pw_hi,$0D,$0C
299,312934,filter_freq_hi,$05,$06
